genre,file,sceneCount,wordCount,dialogueLines
Action,13-days.fountain,281,33742,864
Action,15-minutes.fountain,85,25209,1013
Action,3-kings.fountain,140,25904,1115
Action,3-kings-spoils-of-war.fountain,37,25460,864
Action,the-5th-element.fountain,98,24322,858
Action,ace-ventura-pet-detective.fountain,132,17984,521
Action,airforce-one.fountain,341,26252,873
Action,american-outlaws.fountain,147,21107,971
Action,antz.fountain,85,17634,662
Action,assassins.fountain,181,22918,819
Action,austin-powers-2-the-spy-who-shagged-me.fountain,111,17235,782
Action,austin-powers-international-man-of-mystery.fountain,139,19060,820
Action,the-avengers.fountain,33,24170,751
Action,batman-2-unproduced.fountain,287,38094,633
Action,the-believer.fountain,165,22020,891
Action,the-bijou.fountain,161,27847,932
Action,the-black-dahlia.fountain,293,36011,1036
Action,blade.fountain,110,24677,578
Action,blade-ii.fountain,139,24705,497
Action,the-boondock-saints.fountain,146,26072,796
Action,bottle-rocket.fountain,103,19812,1185
Action,the-bourne-identity.fountain,187,22753,580
Action,bringing-out-the-dead.fountain,78,18129,781
Action,casino.fountain,606,51649,2388
Action,the-cider-house-rules.fountain,197,26146,1035
Action,clerks.fountain,9,23363,1515
Action,cliffhanger.fountain,100,32407,612
Action,collateral.fountain,121,25586,841
Action,committed-filmed-as-crazy-love.fountain,121,20821,976
Action,copycat.fountain,152,30101,889
Action,the-crow.fountain,123,21915,548
Action,demolition-man.fountain,245,22473,784
Action,elf.fountain,132,18878,928
Action,enemy-of-the-state.fountain,199,22004,1157
Action,the-english-patient.fountain,236,30945,770
Action,the-assignment.fountain,201,33055,733
Action,autumn-in-new-york.fountain,151,23928,927
Action,bad-lieutenant.fountain,5,15046,315
Action,the-battle-of-shaker-heights.fountain,99,18082,931
Action,below.fountain,303,19634,656
Action,the-big-lebowski.fountain,11,21496,1096
Action,birthday-girl.fountain,178,17550,596
Action,blade-trinity.fountain,179,25092,447
Action,the-butterfly-effect.fountain,185,23748,760
Action,the-cable-guy.fountain,5,24081,842
Action,chasing-amy.fountain,42,23551,1103
Action,cold-mountain.fountain,203,29608,983
Action,the-crow-salvation.fountain,136,21238,569
Action,dark-angel-pilot.fountain,137,25521,810
Action,detroit-rock-city.fountain,115,26307,763
Action,el-mariachi.fountain,133,13015,303
Action,even-cowgirls-get-the-blues.fountain,121,18672,377
Action,the-family-man.fountain,90,27770,846
Action,fargo.fountain,148,16989,789
Action,fear-and-loathing-in-las-vegas.fountain,130,22720,631
Action,feast-revised-draft.fountain,107,17475,784
Action,final-destination.fountain,150,24733,498
Action,fight-club.fountain,269,28105,1292
Action,the-fisher-king.fountain,189,25080,773
Action,freddy-vs-jason.fountain,139,25340,741
Action,frequency.fountain,227,27741,854
Action,freaked-pdf.fountain,72,21719,53
Action,the-fugitive.fountain,364,26252,651
Action,game-6.fountain,112,15442,709
Action,the-grifters.fountain,153,22431,816
Action,halloween-6-the-curse-of-michael-myers-halloween-666-the-ori.fountain,158,22937,478
Action,hannibal.fountain,287,30628,909
Action,happy-campers.fountain,160,32922,440
Action,the-haunting.fountain,183,29719,560
Action,heist-pdf.fountain,334,26251,879
Action,hellboy.fountain,233,22656,665
Action,henry-fool.fountain,158,25374,948
Action,hero.fountain,201,29307,811
Action,highlander-4.fountain,117,18446,597
Action,the-horse-wisperer.fountain,240,38187,1085
Action,hostage.fountain,155,24963,949
Action,hudson-hawk.fountain,92,23413,656
Action,the-hebrew-hammer.fountain,74,20749,570
Action,i-am-sam.fountain,152,23284,991
Action,independence-day.fountain,327,26883,853
Action,the-insider.fountain,249,26942,890
Action,intolerable-cruelty.fountain,62,17271,979
Action,jennifer-eight.fountain,22,35630,765
Action,jerry-maguire.fountain,187,27066,976
Action,jurassic-park-3.fountain,6,19392,514
Action,kundun.fountain,213,23742,558
Action,l-a-confidential.fountain,173,25768,1061
Action,lake-placid.fountain,96,15116,834
Action,last-of-the-mohicans.fountain,123,25205,564
Action,legionnaire.fountain,199,23604,574
Action,life.fountain,131,26261,1021
Action,life-as-a-house.fountain,175,26407,1212
Action,the-limey.fountain,134,19738,787
Action,living-in-oblivion.fountain,112,17382,998
Action,lone-star.fountain,100,23468,1178
Action,lost-in-translation.fountain,121,13333,434
Action,made.fountain,102,17997,1005
Action,the-majestic.fountain,161,27808,950
Action,man-in-the-iron-mask.fountain,140,26907,825
Action,men-in-black.fountain,141,25036,776
Action,metro.fountain,228,26858,929
Action,mighty-morphin-power-rangers.fountain,29,17152,674
Action,miller-s-crossing.fountain,290,27448,822
Action,mimic.fountain,147,21006,561
Action,mission-impossible-ii.fountain,134,23288,729
Action,misery.fountain,15,21353,538
Action,mission-impossible.fountain,210,21712,654
Action,mission-to-mars.fountain,178,28631,742
Action,mystery-men.fountain,101,22963,859
Action,natural-born-killers.fountain,193,31851,763
Action,new-nightmare.fountain,99,20267,534
Action,nick-of-time.fountain,143,20014,747
Action,nixon.fountain,264,39615,1362
Action,o-brother-where-art-thou.fountain,51,19087,687
Action,the-patriot.fountain,165,29424,739
Action,pearl-harbor.fountain,314,33255,811
Action,philadelphia.fountain,28,22740,899
Action,pet-sematary-ii.fountain,180,23076,497
Action,pitch-black.fountain,228,19562,665
Action,planet-of-the-apes-2001.fountain,166,22214,10
Action,punch-drunk-love.fountain,155,15599,849
Action,quills.fountain,206,27023,846
Action,red-planet.fountain,172,22197,595
Action,the-relic.fountain,145,28376,814
Action,reservoir-dogs.fountain,52,17758,646
Action,resident-evil-romero-unproduced.fountain,185,22909,541
Action,ronin.fountain,99,28030,758
Action,rush-hour-2.fountain,115,18774,753
Action,rush-hour.fountain,192,23435,728
Action,the-rules-of-attraction-pdf.fountain,141,30632,841
Action,the-salton-sea.fountain,199,22009,816
Action,saving-private-ryan.fountain,68,22243,890
Action,schindler-s-list.fountain,262,29915,697
Action,the-secret-life-of-walter-mitty-pdf.fountain,219,23520,774
Action,sleepy-hollow.fountain,215,25260,754
Action,slither.fountain,195,22788,562
Action,smokin-aces.fountain,207,29208,731
Action,snatch-pdf.fountain,36,23048,935
Action,snow-falling-on-cedars.fountain,270,25135,764
Action,solaris.fountain,120,12346,507
Action,soldier.fountain,239,32013,493
Action,sgt-rock.fountain,22,28990,1015
Action,spider-man.fountain,123,27445,504
Action,star-trek-07-generations.fountain,5,24021,767
Action,storytelling.fountain,73,8597,552
Action,superfights-pdf.fountain,111,18126,559
Action,suspect-zero.fountain,57,28854,623
Action,taking-sides.fountain,64,15292,476
Action,star-trek-10-nemesis.fountain,170,21726,834
Action,ticker.fountain,101,14921,554
Action,the-time-machine.fountain,98,19963,734
Action,tombstone.fountain,117,30528,1041
Action,toy-story.fountain,121,21455,867
Action,traffic.fountain,248,30031,952
Action,trainspotting.fountain,190,17373,568
Action,tremors.fountain,8,25052,678
Action,there-s-something-about-mary.fountain,133,22586,1175
Action,the-truman-show.fountain,215,28788,681
Action,true-romance.fountain,87,26509,920
Action,u-turn.fountain,98,27210,978
Action,unforgiven.fountain,129,27131,904
Action,virtuosity.fountain,5,25747,683
Action,the-village-originally-the-woods.fountain,119,21139,470
Action,wag-the-dog.fountain,278,26949,1111
Action,unbreakable.fountain,111,24312,502
Action,u-turn-stray-dogs.fountain,55,23304,1100
Action,the-x-files-movie.fountain,137,28369,629
Action,x-men.fountain,244,33724,769
Action,xxx.fountain,129,24700,664
Action,avatar-html.fountain,165,35681,795
Action,backdraft-html.fountain,214,27453,970
Action,crank-html.fountain,182,22500,676
Action,hanna-html.fountain,8,25569,761
Action,high-fidelity-html.fountain,118,26465,1043
Action,inglourious-basterds-html.fountain,107,34205,982
Action,pearl-harbor-html.fountain,314,33629,812
Action,ronin-html.fountain,99,28401,758
Action,terminator-2-judgement-day-html.fountain,11,35903,526
Action,valkyrie-html.fountain,31,24835,658
Action,watchmen-html.fountain,201,27514,847
Action,passengers-html.fountain,37,25164,1071
Action,surrogates-html.fountain,179,24414,691
Adventure,1492-conquest-of-paradise.fountain,170,22913,629
Adventure,the-adventures-of-ford-fairlane-ford-fairlane.fountain,108,23218,747
Adventure,almost-famous.fountain,24,35166,1070
Adventure,american-beauty.fountain,168,20243,725
Adventure,blow.fountain,172,22686,1019
Adventure,the-english-patient.fountain,236,30945,770
Adventure,adventureland-pdf.fountain,197,25299,852
Adventure,big-fish.fountain,197,25933,770
Adventure,conquest-of-paradise-1492.fountain,170,22913,629
Adventure,eternal-sunshine-of-the-spotless-mind.fountain,170,23282,1124
Adventure,feast-early-draft.fountain,118,21435,885
Adventure,forrest-gump.fountain,247,25190,1007
Adventure,gods-and-monsters.fountain,120,22832,1016
Adventure,house-on-haunted-hill.fountain,142,22240,762
Adventure,jurassic-park-2-the-lost-world.fountain,95,32313,591
Adventure,jurassic-park-3.fountain,6,19392,514
Adventure,the-man-who-wasn-t-there.fountain,272,18815,531
Adventure,mrs-brown.fountain,137,17421,693
Adventure,ocean-s-twelve-pdf.fountain,183,23304,920
Adventure,ocean-s-eleven-pdf.fountain,340,29721,1102
Adventure,quantum-project.fountain,6,5906,136
Adventure,signs.fountain,95,22605,644
Adventure,the-talented-mr-ripley.fountain,131,20523,811
Adventure,star-trek-10-nemesis.fountain,170,21726,834
Adventure,titanic.fountain,208,43358,996
Adventure,the-truman-show.fountain,215,28788,681
Adventure,ocean-s-twelve-html.fountain,8,23287,945
Adventure,sugar-html.fountain,43,24593,799
Adventure,two-for-the-money-html.fountain,192,27196,878
Animation,kung-fu-panda-html.fountain,70,15184,684
Comedy,15-minutes.fountain,85,25209,1013
Comedy,barton-fink.fountain,146,21529,637
Comedy,beloved.fountain,235,33514,1078
Comedy,the-crying-game.fountain,105,15648,1127
Comedy,ed-tv.fountain,6,23909,1117
Comedy,erin-brockovich.fountain,284,29377,1086
Comedy,the-blast-from-the-past.fountain,210,24067,1248
Comedy,boy-who-never-slept.fountain,80,12785,648
Comedy,bruce-almighty.fountain,162,22181,892
Comedy,the-fisher-king.fountain,189,25080,773
Comedy,funny-people-pdf.fountain,157,26902,1294
Comedy,get-shorty.fountain,148,26757,1197
Comedy,the-ghost-and-the-darkness.fountain,12,22871,406
Comedy,ghost-world.fountain,124,22543,1236
Comedy,hudson-hawk.fountain,92,23413,656
Comedy,the-hudsucker-proxy.fountain,219,27139,740
Comedy,john-q.fountain,169,23499,969
Comedy,jurassic-park-2-the-lost-world.fountain,95,32313,591
Comedy,kids.fountain,73,17129,783
Comedy,monkeybone.fountain,173,26376,664
Comedy,panic-room.fountain,174,23130,529
Comedy,return-to-me.fountain,112,20742,834
Comedy,the-shawshank-redemption.fountain,45,29135,789
Comedy,south-park-bigger-longer-uncut.fountain,125,25537,1295
Comedy,traffic.fountain,248,30031,952
Comedy,twin-peaks-fire-walk-with-me.fountain,213,24038,991
Comedy,a-walk-to-remember.fountain,229,19398,845
Comedy,the-woodsman.fountain,130,16819,735
Comedy,good-will-hunting-html.fountain,127,23860,1231
Comedy,beloved-html.fountain,235,33863,1076
Comedy,timber-falls-html.fountain,7,21740,658
Crime,12-monkeys.fountain,174,30880,821
Crime,15-minutes.fountain,85,25209,1013
Crime,8-millimeter.fountain,303,31444,793
Crime,ace-ventura-pet-detective.fountain,132,17984,521
Crime,the-adventures-of-ford-fairlane-ford-fairlane.fountain,108,23218,747
Crime,the-anniversary-party.fountain,83,16518,1117
Crime,assassins.fountain,181,22918,819
Crime,austin-powers-international-man-of-mystery.fountain,139,19060,820
Crime,basic-instinct.fountain,140,20119,903
Crime,batman-2-unproduced.fountain,287,38094,633
Crime,batman-forever.fountain,30,23664,685
Crime,the-black-dahlia.fountain,293,36011,1036
Crime,black-snake-moan.fountain,138,24768,184
Crime,blade.fountain,110,24677,578
Crime,blow.fountain,172,22686,1019
Crime,body-of-evidence.fountain,84,21325,920
Crime,the-boondock-saints.fountain,146,26072,796
Crime,bottle-rocket.fountain,103,19812,1185
Crime,bringing-out-the-dead.fountain,78,18129,781
Crime,the-cell.fountain,121,21551,631
Crime,cellular.fountain,47,18871,879
Crime,conspiracy-theory.fountain,183,23506,836
Crime,copycat.fountain,152,30101,889
Crime,crime-spree.fountain,216,24466,981
Crime,the-crow.fountain,123,21915,548
Crime,dark-city.fountain,126,27114,565
Crime,demolition-man.fountain,245,22473,784
Crime,drop-dead-gorgeous.fountain,197,18398,595
Crime,enemy-of-the-state.fountain,199,22004,1157
Crime,entrapment.fountain,366,28986,715
Crime,face-off.fountain,205,23677,591
Crime,affliction.fountain,88,16102,784
Crime,the-assignment.fountain,201,33055,733
Crime,awakenings-pdf.fountain,55,31012,652
Crime,bad-lieutenant.fountain,5,15046,315
Crime,basic.fountain,142,22329,1064
Crime,blade-trinity.fountain,179,25092,447
Crime,bodies-rest-motion.fountain,86,15470,926
Crime,bound.fountain,191,19152,919
Crime,the-bourne-supremacy.fountain,327,22505,622
Crime,the-cable-guy.fountain,5,24081,842
Crime,confidence.fountain,146,24015,978
Crime,the-corruptor.fountain,16,22537,723
Crime,croupier.fountain,160,18706,817
Crime,crow-3-resurrection.fountain,62,21124,633
Crime,the-crow-salvation.fountain,136,21238,569
Crime,the-crowded-room.fountain,303,28422,815
Crime,deep-cover.fountain,138,20780,812
Crime,dark-angel-pilot.fountain,137,25521,810
Crime,detroit-rock-city.fountain,115,26307,763
Crime,donnie-brasco.fountain,137,22374,1191
Crime,el-mariachi.fountain,133,13015,303
Crime,erin-brockovich.fountain,244,28509,1053
Crime,fatal-instinct.fountain,211,27456,831
Crime,fear-and-loathing-in-las-vegas.fountain,130,22720,631
Crime,final-destination-2.fountain,130,25044,657
Crime,fracture-pdf.fountain,139,22915,851
Crime,freddy-vs-jason.fountain,139,25340,741
Crime,friday-the-13th-part-10-jason-x.fountain,187,20718,1008
Crime,from-dusk-till-dawn.fountain,49,22924,735
Crime,frequency.fountain,227,27741,854
Crime,the-fugitive.fountain,364,26252,651
Crime,gang-related.fountain,157,24228,1038
Crime,glengarry-glen-ross.fountain,49,13908,1008
Crime,gone-in-sixty-seconds.fountain,193,28817,1031
Crime,goodfellas.fountain,157,24515,675
Crime,grosse-pointe-blank.fountain,151,19135,645
Crime,the-grifters.fountain,153,22431,816
Crime,halloween-6-the-curse-of-michael-myers-halloween-666-the-ori.fountain,158,22937,478
Crime,hannibal.fountain,287,30628,909
Crime,harry-potter-and-the-order-of-the-phoenix-pdf.fountain,77,12735,1
Crime,high-fidelity.fountain,118,26095,1042
Crime,the-horse-wisperer.fountain,239,38143,1091
Crime,hostage.fountain,155,24963,949
Crime,hotel-rwanda.fountain,203,23939,1000
Crime,hudson-hawk.fountain,92,23413,656
Crime,human-nature.fountain,162,20189,792
Crime,insomnia.fountain,205,24433,701
Crime,interview-with-the-vampire.fountain,138,22619,808
Crime,the-jacket.fountain,185,28125,792
Crime,jackie-brown.fountain,132,31679,1492
Crime,jay-and-silent-bob-strike-back.fountain,135,24044,977
Crime,jason-x.fountain,187,20674,1010
Crime,jennifer-eight.fountain,22,35630,765
Crime,jfk.fountain,72,52766,1264
Crime,kalifornia.fountain,309,26091,656
Crime,king-kong-pdf.fountain,307,30998,513
Crime,l-a-confidential.fountain,173,25768,1061
Crime,juno.fountain,122,18289,848
Crime,lone-star.fountain,100,23468,1178
Crime,lord-of-illusions.fountain,190,20630,855
Crime,magnolia.fountain,464,40981,1456
Crime,man-on-fire-pdf.fountain,187,26126,856
Crime,man-on-fire.fountain,186,25485,891
Crime,metro.fountain,228,26858,929
Crime,miami-vice.fountain,213,21342,633
Crime,mimic.fountain,147,21006,561
Crime,minority-report.fountain,301,37350,1312
Crime,mission-impossible.fountain,210,21712,654
Crime,memento.fountain,6,32425,650
Crime,mr-holland-s-opus-pdf.fountain,171,25238,750
Crime,the-mummy-1999.fountain,108,27113,757
Crime,mystery-men.fountain,101,22963,859
Crime,natural-born-killers-pdf.fountain,119,27161,903
Crime,natural-born-killers.fountain,193,31851,763
Crime,next-friday.fountain,81,15831,746
Crime,nurse-betty.fountain,69,30532,1174
Crime,o-brother-where-art-thou.fountain,51,19087,687
Crime,panther.fountain,229,21480,773
Crime,pet-sematary-ii.fountain,180,23076,497
Crime,pi.fountain,63,14778,510
Crime,pitch-black.fountain,228,19562,665
Crime,pulp-fiction.fountain,117,27759,1182
Crime,quills.fountain,206,27023,846
Crime,reindeer-games.fountain,166,26223,941
Crime,the-relic.fountain,145,28376,814
Crime,rush-hour-2.fountain,115,18774,753
Crime,rush-hour.fountain,192,23435,728
Crime,the-saint.fountain,285,28879,491
Crime,scream.fountain,116,22065,981
Crime,scream-3.fountain,133,14859,732
Crime,serial-mom.fountain,65,19165,694
Crime,seven.fountain,206,34470,834
Crime,the-shipping-news.fountain,263,29069,816
Crime,the-sixth-sense.fountain,121,22917,692
Crime,sleepy-hollow.fountain,215,25260,754
Crime,sling-blade.fountain,87,21301,844
Crime,smokin-aces.fountain,207,29208,731
Crime,the-shawshank-redemption.fountain,45,29135,789
Crime,so-i-married-an-axe-murderer.fountain,106,19746,890
Crime,speed-pdf.fountain,380,39142,812
Crime,sugar-and-spice.fountain,171,17818,540
Crime,suspect-zero.fountain,57,28854,623
Crime,the-sweet-hereafter.fountain,124,16783,732
Crime,thelma-louise.fountain,250,24413,959
Crime,thunderheart.fountain,98,30579,755
Crime,ticker.fountain,101,14921,554
Crime,to-sleep-with-anger.fountain,190,23258,671
Crime,traffic.fountain,248,30031,952
Crime,training-day.fountain,85,20319,1053
Crime,true-crime-pdf.fountain,150,29915,986
Crime,true-romance.fountain,87,26509,920
Crime,twin-peaks-fire-walk-with-me.fountain,213,24038,991
Crime,unbreakable.fountain,109,24320,632
Crime,untraceable-pdf.fountain,218,25375,42
Crime,virtuosity.fountain,5,25747,683
Crime,a-walk-to-remember.fountain,229,19398,845
Crime,wild-at-heart.fountain,27,27657,1069
Crime,wild-things.fountain,151,25482,800
Crime,wonder-boys.fountain,44,24696,1113
Crime,the-woodsman.fountain,130,16819,735
Crime,x-men.fountain,244,33724,769
Crime,xxx.fountain,129,24700,664
Crime,x-men-pdf.fountain,135,25991,543
Crime,what-lies-beneath.fountain,158,18839,921
Crime,fracture-html.fountain,139,23264,915
Crime,godfather-html.fountain,230,32649,906
Crime,gothika-html.fountain,158,26098,1
Crime,invictus-html.fountain,272,28792,724
Crime,john-wick-html.fountain,464,19209,465
Crime,limitless-html.fountain,223,23725,683
Crime,matrix-the-html.fountain,222,23650,831
Crime,mimic-html.fountain,147,21386,561
Crime,pi-html.fountain,63,15148,510
Crime,pulp-fiction-html.fountain,117,28138,1183
Crime,se7en-html.fountain,206,34843,834
Crime,sixth-sense-the-html.fountain,123,23305,672
Crime,croupier-html.fountain,160,19065,818
Crime,grabbers-html.fountain,146,19279,965
Drama,batman-begins-pdf.fountain,347,28416,719
Drama,cobb-pdf.fountain,146,27620,1014
Drama,dumb-and-dumber.fountain,150,22918,943
Drama,get-carter-pdf.fountain,233,21771,869
Drama,get-him-to-the-greek-pdf.fountain,115,23489,983
Drama,kate-and-leopold.fountain,146,20432,1009
Drama,the-kingdom-of-heaven-pdf.fountain,181,29114,550
Drama,l-a-confidential.fountain,174,25761,1060
Drama,lone-star.fountain,100,23468,1178
Drama,long-kiss-goodnight.fountain,162,28573,794
Drama,the-man-who-wasn-t-there.fountain,272,18815,531
Drama,out-of-sight.fountain,165,30174,1387
Drama,the-pianist.fountain,172,21179,580
Drama,the-prophecy.fountain,91,24415,984
Drama,the-public-eye.fountain,160,23635,740
Drama,saving-private-ryan.fountain,72,22216,796
Drama,schindler-s-list.fountain,262,29915,697
Drama,shakespeare-in-love.fountain,198,23081,972
Drama,the-siege.fountain,47,23453,996
Drama,the-silence-of-the-lambs.fountain,142,31112,775
Drama,sling-blade.fountain,87,21279,854
Drama,stolen-summer.fountain,50,18959,922
Drama,station-pdf.fountain,199,24252,393
Drama,thelma-louise.fountain,250,24413,959
Drama,the-usual-suspects.fountain,140,24106,807
Drama,what-about-bob.fountain,136,21914,1189
Drama,you-can-count-on-me.fountain,289,43559,1995
Fantasy,airforce-one.fountain,341,26252,873
Fantasy,american-pie.fountain,227,20559,943
Fantasy,american-psycho.fountain,59,20260,952
Fantasy,batman-forever.fountain,30,23664,685
Fantasy,batman-returns.fountain,324,32378,683
Fantasy,being-john-malkovich.fountain,174,20394,873
Fantasy,the-big-lebowski.fountain,11,21575,1084
Fantasy,the-black-dahlia.fountain,293,36011,1036
Fantasy,blade-ii.fountain,139,24705,497
Fantasy,the-cell.fountain,121,21551,631
Fantasy,election.fountain,219,24307,585
Fantasy,elf.fountain,132,18878,928
Fantasy,american-beauty.fountain,168,20171,785
Fantasy,bad-santa.fountain,206,16025,580
Fantasy,braveheart.fountain,125,27455,691
Fantasy,the-cable-guy.fountain,5,24081,842
Fantasy,cast-away.fountain,302,27041,789
Fantasy,chasing-amy.fountain,42,23551,1103
Fantasy,the-corruptor.fountain,16,22537,723
Fantasy,donnie-darko.fountain,185,19358,782
Fantasy,five-feet-and-rising.fountain,27,4901,265
Fantasy,four-rooms.fountain,37,24093,966
Fantasy,from-dusk-till-dawn.fountain,49,22924,735
Fantasy,the-game.fountain,186,26044,990
Fantasy,gateway-pdf.fountain,139,23800,501
Fantasy,the-ghost-and-the-darkness.fountain,12,22871,406
Fantasy,house-on-haunted-hill.fountain,142,22240,762
Fantasy,interview-with-the-vampire.fountain,138,22619,808
Fantasy,lord-of-illusions.fountain,190,20630,855
Fantasy,the-lord-of-the-rings-the-return-of-the-king.fountain,231,25838,705
Fantasy,love-and-basketball.fountain,115,20972,990
Fantasy,mighty-morphin-power-rangers.fountain,29,17152,674
Fantasy,mumford.fountain,193,25987,949
Fantasy,the-mummy-1999.fountain,108,27113,757
Fantasy,out-of-sight.fountain,163,30313,1356
Fantasy,pitch-black.fountain,228,19562,665
Fantasy,pleasantville.fountain,192,32395,898
Fantasy,the-queen-pdf.fountain,184,18619,28
Fantasy,rko-281.fountain,21,23725,815
Fantasy,ronin.fountain,99,28030,758
Fantasy,the-saint.fountain,285,28879,491
Fantasy,sexual-life.fountain,101,16416,859
Fantasy,sideways.fountain,185,24973,1052
Fantasy,sleepy-hollow.fountain,215,25260,754
Fantasy,smokin-aces.fountain,207,29208,731
Fantasy,stepmom.fountain,194,27102,1264
Fantasy,swordfish-pdf.fountain,182,20443,691
Fantasy,tombstone.fountain,117,30528,1041
Fantasy,very-bad-things.fountain,95,18511,1051
Fantasy,you-ve-got-mail.fountain,202,24535,1103
Fantasy,ali-html.fountain,253,32291,806
Fantasy,pleasantville-html.fountain,192,32770,899
Fantasy,how-to-train-your-dragon-html.fountain,104,21838,641
Fantasy,twilight-html.fountain,215,23047,690
Horror,1492-conquest-of-paradise.fountain,170,22913,629
Horror,batman-returns.fountain,324,32378,683
Horror,beavis-and-butt-head-do-america.fountain,186,17530,587
Horror,beloved.fountain,235,33514,1078
Horror,blade.fountain,110,24677,578
Horror,blade-ii.fountain,139,24705,497
Horror,blair-witch-ii.fountain,70,14867,822
Horror,bones.fountain,176,28272,688
Horror,buffy-the-vampire-slayer.fountain,132,23041,935
Horror,the-cell.fountain,121,21551,631
Horror,the-crow.fountain,123,21915,548
Horror,deep-rising.fountain,28,22786,611
Horror,demolition-man.fountain,245,22473,784
Horror,ed-wood.fountain,172,27931,1238
Horror,531.fountain,15,6928,360
Horror,13-ghosts-pdf.fountain,116,21707,623
Horror,austin-powers-2-the-spy-who-shagged-me.fountain,111,17235,782
Horror,conquest-of-paradise-1492.fountain,170,22913,629
Horror,the-corruptor.fountain,16,22537,723
Horror,the-crowded-room.fountain,303,28422,815
Horror,deep-cover.fountain,138,20780,812
Horror,dark-angel-pilot.fountain,137,25521,810
Horror,detroit-rock-city.fountain,115,26307,763
Horror,the-devil-s-advocate-pdf.fountain,256,26180,997
Horror,the-doors.fountain,208,37218,1052
Horror,the-fisher-king.fountain,189,25080,773
Horror,freddy-vs-jason.fountain,139,25340,741
Horror,friday-the-13th-part-10-jason-x.fountain,187,20718,1008
Horror,from-dusk-till-dawn.fountain,49,22924,735
Horror,freddy-s-dead-the-final-nightmare.fountain,91,24729,674
Horror,the-ghost-and-the-darkness.fountain,11,22525,419
Horror,ghost-ship.fountain,261,25596,782
Horror,ghost-world.fountain,124,22543,1236
Horror,gods-and-monsters.fountain,120,22832,1016
Horror,good-will-hunting.fountain,127,23488,1230
Horror,halloween-6-the-curse-of-michael-myers-halloween-666-the-ori.fountain,158,22937,478
Horror,the-haunting.fountain,183,29719,560
Horror,hellboy.fountain,233,22656,665
Horror,highlander-4.fountain,117,18446,597
Horror,house-of-1000-corpses.fountain,181,20717,858
Horror,house-on-haunted-hill.fountain,142,22240,762
Horror,interview-with-the-vampire-pdf.fountain,161,37848,1065
Horror,interview-with-the-vampire.fountain,138,22619,808
Horror,jason-x.fountain,187,20674,1010
Horror,jurassic-park-3.fountain,6,19392,514
Horror,kafka.fountain,15,22190,584
Horror,little-nicky.fountain,141,18224,832
Horror,lord-of-illusions.fountain,190,20630,855
Horror,man-in-the-iron-mask.fountain,140,26907,825
Horror,men-in-black.fountain,141,25036,776
Horror,mighty-morphin-power-rangers.fountain,29,17152,674
Horror,mimic.fountain,147,21006,561
Horror,monkeybone.fountain,173,26376,664
Horror,monster-s-ball-pdf.fountain,44,17273,633
Horror,the-mummy-1999.fountain,108,27113,757
Horror,my-mother-dreams-the-satan-s-disciples-in-new-york.fountain,71,6985,205
Horror,natural-born-killers.fountain,193,31851,763
Horror,new-nightmare.fountain,99,20267,534
Horror,the-nightmare-before-christmas.fountain,105,16371,359
Horror,o-brother-where-art-thou.fountain,51,19087,687
Horror,pet-sematary-ii.fountain,180,23076,497
Horror,the-pianist.fountain,172,21179,580
Horror,pirates-of-the-caribbean.fountain,154,121333,862
Horror,quills.fountain,206,27023,846
Horror,the-relic.fountain,145,28376,814
Horror,possession-pdf.fountain,159,24898,816
Horror,resident-evil-romero-unproduced.fountain,185,22909,541
Horror,resident-evil.fountain,128,22898,700
Horror,rko-281.fountain,21,23725,815
Horror,the-salton-sea.fountain,199,22009,816
Horror,scary-movie-2.fountain,107,22594,903
Horror,scream.fountain,116,22065,981
Horror,scream-3.fountain,133,14859,732
Horror,serial-mom.fountain,65,19165,694
Horror,simone.fountain,169,26295,951
Horror,slash-pdf.fountain,210,21367,536
Horror,slash.fountain,198,21775,687
Horror,soldier.fountain,239,32013,493
Horror,sgt-rock.fountain,22,28990,1015
Horror,spider-man.fountain,123,27445,504
Horror,sugar-and-spice.fountain,171,17818,540
Horror,suspect-zero.fountain,57,28854,623
Horror,star-trek-10-nemesis.fountain,170,21726,834
Horror,the-time-machine.fountain,98,19963,734
Horror,titanic.fountain,208,43358,996
Horror,tremors.fountain,8,25052,678
Horror,virtuosity.fountain,5,25747,683
Horror,x-men.fountain,244,33724,769
Horror,ali-html.fountain,253,32297,806
Horror,avatar-html.fountain,165,35681,795
Horror,backdraft-html.fountain,214,27453,970
Horror,crank-html.fountain,182,22500,676
Horror,fracture-html.fountain,139,23264,915
Horror,godfather-html.fountain,230,32649,906
Horror,good-will-hunting-html.fountain,127,23860,1231
Horror,gothika-html.fountain,158,26098,1
Horror,hanna-html.fountain,8,25569,761
Horror,high-fidelity-html.fountain,118,26465,1043
Horror,inception-html.fountain,288,28286,1224
Horror,inglourious-basterds-html.fountain,107,34205,982
Horror,invictus-html.fountain,272,28792,724
Horror,john-wick-html.fountain,464,19209,465
Horror,knocked-up-html.fountain,170,25660,1840
Horror,kung-fu-panda-html.fountain,70,15184,684
Horror,limitless-html.fountain,223,23725,683
Horror,matrix-the-html.fountain,222,23650,831
Horror,mimic-html.fountain,147,21386,561
Horror,pandorum-html.fountain,120,28396,744
Horror,pearl-harbor-html.fountain,314,33629,812
Horror,pi-html.fountain,63,15148,510
Horror,pleasantville-html.fountain,192,32770,899
Horror,pulp-fiction-html.fountain,117,28138,1183
Horror,ronin-html.fountain,99,28401,758
Horror,se7en-html.fountain,206,34843,834
Horror,signs-html.fountain,95,22983,648
Horror,sixth-sense-the-html.fountain,123,23305,672
Horror,spartan-html.fountain,315,29930,689
Horror,star-wars-a-new-hope-html.fountain,486,33473,1004
Horror,syriana-html.fountain,6,29232,653
Horror,terminator-2-judgement-day-html.fountain,11,35903,526
Horror,true-romance-html.fountain,87,26880,1009
Horror,valkyrie-html.fountain,31,24835,658
Horror,watchmen-html.fountain,201,27514,847
Horror,beloved-html.fountain,235,33863,1076
Horror,blink-twice-html.fountain,157,19342,729
Horror,brutalist-the-html.fountain,163,27414,1094
Horror,croupier-html.fountain,160,19065,818
Horror,grabbers-html.fountain,146,19279,965
Horror,how-to-train-your-dragon-html.fountain,104,21838,641
Horror,meet-joe-black-html.fountain,117,30008,1354
Horror,ocean-s-twelve-html.fountain,8,23287,945
Horror,passengers-html.fountain,37,25164,1071
Horror,star-wars-the-empire-strikes-back-html.fountain,285,27502,842
Horror,sugar-html.fountain,43,24593,799
Horror,surrogates-html.fountain,179,24414,691
Horror,timber-falls-html.fountain,7,21740,658
Horror,twilight-html.fountain,215,23047,690
Horror,two-for-the-money-html.fountain,192,27196,878
Horror,zerophilia-html.fountain,34,14582,885
Mystery,ace-ventura-pet-detective.fountain,132,17984,521
Mystery,austin-powers-international-man-of-mystery.fountain,139,19060,820
Mystery,the-avengers.fountain,33,24170,751
Mystery,lost-highway.fountain,189,23978,704
Mystery,mystery-men.fountain,101,22963,859
Mystery,the-nightmare-before-christmas.fountain,105,16371,359
Romance,american-psycho.fountain,59,20260,952
Romance,antz.fountain,85,17634,662
Romance,braveheart.fountain,125,27455,691
Romance,even-cowgirls-get-the-blues.fountain,121,18672,377
Romance,fifty-violins-filmed-as-music-of-the-heart.fountain,160,24891,1038
Romance,kafka.fountain,15,22190,584
Romance,legally-blonde.fountain,129,20856,1011
Romance,never-been-kissed.fountain,189,24174,942
Romance,something-borrowed-filmed-as-the-wedding-date-pdf.fountain,136,20831,36
Romance,something-borrowed-filmed-as-the-wedding-date.fountain,136,20700,585
Romance,stepmom.fountain,194,27102,1264
Romance,thunderheart.fountain,98,30579,755
Romance,true-romance.fountain,87,26509,920
Romance,true-romance-pdf.fountain,133,27328,941
Romance,the-wedding-crashers-pdf.fountain,198,32677,817
Romance,wild-at-heart.fountain,27,27657,1069
Romance,wonder-boys.fountain,156,24731,1158
Romance,true-romance-html.fountain,87,26880,1009
Sci-Fi,10-things-i-hate-about-you.fountain,90,18588,1001
Sci-Fi,12-monkeys.fountain,174,30880,821
Sci-Fi,the-5th-element.fountain,98,24322,858
Sci-Fi,the-adventures-of-ford-fairlane-ford-fairlane.fountain,108,23218,747
Sci-Fi,airforce-one.fountain,341,26252,873
Sci-Fi,almost-famous.fountain,24,35166,1070
Sci-Fi,american-pie.fountain,227,20559,943
Sci-Fi,the-american-president.fountain,125,25598,1408
Sci-Fi,at-first-sight.fountain,150,28202,702
Sci-Fi,austin-powers-2-the-spy-who-shagged-me.fountain,111,17235,782
Sci-Fi,the-avengers.fountain,33,24170,751
Sci-Fi,batman-forever.fountain,30,23664,685
Sci-Fi,batman-returns.fountain,324,32378,683
Sci-Fi,being-john-malkovich.fountain,174,20394,873
Sci-Fi,blair-witch-ii.fountain,70,14867,822
Sci-Fi,bones.fountain,176,28272,688
Sci-Fi,the-boondock-saints.fountain,146,26072,796
Sci-Fi,the-bourne-identity.fountain,187,22753,580
Sci-Fi,chasing-sleep.fountain,120,18795,817
Sci-Fi,12-years-a-slave-pdf.fountain,230,36370,914
Sci-Fi,12-and-holding-pdf.fountain,164,18375,700
Sci-Fi,10-000-b-c-pdf.fountain,178,29763,139
Sci-Fi,20th-century-woman-pdf.fountain,196,17149,54
Sci-Fi,25th-hour-pdf.fountain,123,24383,928
Sci-Fi,3-kings-pdf.fountain,215,28291,1054
Sci-Fi,absolute-power-pdf.fountain,355,26228,440
Sci-Fi,adaptation-pdf.fountain,222,25428,709
Sci-Fi,the-addams-family-pdf.fountain,192,24956,915
Sci-Fi,ali-pdf.fountain,253,31926,704
Sci-Fi,american-bullshit-filmed-as-american-hustle-pdf.fountain,160,36041,1055
Sci-Fi,american-splendor-pdf.fountain,145,19851,471
Sci-Fi,analyse-that-pdf.fountain,124,22075,935
Sci-Fi,angel-eyes-pdf.fountain,118,27515,987
Sci-Fi,analyse-this-pdf.fountain,104,22818,1069
Sci-Fi,antitrust.fountain,289,25133,822
Sci-Fi,any-given-sunday-pdf.fountain,304,49321,1439
Sci-Fi,arac-attack-released-as-eight-legged-freaks-pdf.fountain,203,18591,664
Sci-Fi,armstrong-filmed-as-first-man-pdf.fountain,279,34102,684
Sci-Fi,babel-pdf.fountain,199,26271,885
Sci-Fi,bad-boys-pdf.fountain,286,26220,887
Sci-Fi,bad-lieutenant-pdf.fountain,5,15149,280
Sci-Fi,being-human-pdf.fountain,209,39716,1025
Sci-Fi,the-big-sick-pdf.fountain,118,19633,1057
Sci-Fi,birth-of-a-nation-pdf.fountain,137,22385,584
Sci-Fi,black-snake-moan-pdf.fountain,138,24794,689
Sci-Fi,blood-work-pdf.fountain,104,18066,463
Sci-Fi,the-bodyguard-pdf.fountain,258,34424,899
Sci-Fi,bonfire-of-the-vanities-pdf.fountain,142,27619,1239
Sci-Fi,the-bourne-supremacy-pdf.fountain,8,24585,684
Sci-Fi,the-bourne-ultimatum-pdf.fountain,348,19822,550
Sci-Fi,the-boy-next-door-pdf.fountain,177,23376,1012
Sci-Fi,breakdown-pdf.fountain,163,22885,667
Sci-Fi,brooklyn-pdf.fountain,156,25153,752
Sci-Fi,the-bucket-list-pdf.fountain,124,23178,845
Sci-Fi,call-me-by-your-name-pdf.fountain,52,23765,510
Sci-Fi,el-cantante-pdf.fountain,230,25577,530
Sci-Fi,capote-pdf.fountain,181,48864,618
Sci-Fi,carol-pdf.fountain,164,25806,741
Sci-Fi,catwoman-pdf.fountain,159,26673,697
Sci-Fi,cellular-pdf.fountain,135,25667,651
Sci-Fi,changeling-pdf.fountain,194,32848,905
Sci-Fi,charlie-s-angels-pdf.fountain,160,22948,676
Sci-Fi,chasing-amy.fountain,42,23551,1103
Sci-Fi,chronicle-pdf.fountain,99,18278,630
Sci-Fi,city-of-joy-pdf.fountain,176,30237,818
Sci-Fi,cold-mountain.fountain,203,29608,983
Sci-Fi,collateral-pdf.fountain,121,26238,857
Sci-Fi,collateral-damage-pdf.fountain,244,28986,742
Sci-Fi,committed-filmed-as-crazylove-pdf.fountain,121,20948,998
Sci-Fi,the-comedian-pdf.fountain,74,23892,319
Sci-Fi,confidence-pdf.fountain,144,24152,878
Sci-Fi,the-cooler.fountain,109,20864,567
Sci-Fi,crank-pdf.fountain,180,21916,533
Sci-Fi,courage-under-fire-pdf.fountain,101,27859,1095
Sci-Fi,cradle-to-the-grave-pdf.fountain,240,18382,653
Sci-Fi,defiance-pdf.fountain,45,24025,1016
Sci-Fi,the-disaster-artist-pdf.fountain,119,21897,912
Sci-Fi,the-distinguished-gentleman-pdf.fountain,162,26798,1029
Sci-Fi,disturbia-pdf.fountain,131,26323,627
Sci-Fi,death-to-smoochy-pdf.fountain,119,23898,794
Sci-Fi,the-diving-bell-and-the-butterfly-le-scaphandre-et-le-papill.fountain,115,22309,574
Sci-Fi,donnie-darko-pdf.fountain,189,19618,672
Sci-Fi,downsizing-pdf.fountain,214,26237,749
Sci-Fi,duchess-pdf.fountain,153,23738,667
Sci-Fi,dunkirk-pdf.fountain,199,15560,401
Sci-Fi,elizabeth-the-golden-age-pdf.fountain,172,24215,780
Sci-Fi,elle-pdf.fountain,296,48738,1542
Sci-Fi,the-end-of-the-tour-pdf.fountain,112,17096,723
Sci-Fi,equity-pdf.fountain,166,18939,833
Sci-Fi,event-horizon.fountain,373,21510,864
Sci-Fi,ex-machina-pdf.fountain,216,20257,537
Sci-Fi,executive-decision-pdf.fountain,278,31279,466
Sci-Fi,the-fantastic-four.fountain,181,27475,877
Sci-Fi,far-from-the-maddening-crowd-pdf.fountain,190,21866,673
Sci-Fi,the-fault-in-our-stars-pdf.fountain,188,26875,850
Sci-Fi,fences-pdf.fountain,75,30229,18
Sci-Fi,ftkmf-first-they-killed-my-father-pdf.fountain,198,23322,142
Sci-Fi,the-flintstones-pdf.fountain,106,27306,722
Sci-Fi,the-florida-project-pdf.fountain,198,17693,725
Sci-Fi,foundation-pdf.fountain,151,24581,585
Sci-Fi,the-founder-pdf.fountain,129,20627,783
Sci-Fi,friday-the-13th-part-10-jason-x.fountain,187,20718,1008
Sci-Fi,frozen-river-pdf.fountain,157,19370,724
Sci-Fi,the-fugitive.fountain,364,26252,651
Sci-Fi,the-fugitive-pdf.fountain,370,25518,696
Sci-Fi,fury-pdf.fountain,116,24651,564
Sci-Fi,game-6-pdf.fountain,112,15779,47
Sci-Fi,gattaca.fountain,158,25659,614
Sci-Fi,get-on-up-pdf.fountain,168,27229,680
Sci-Fi,gold-pdf.fountain,217,28580,799
Sci-Fi,gone-girl-pdf.fountain,299,33407,1723
Sci-Fi,gothika-pdf.fountain,158,25732,668
Sci-Fi,the-greatest-muppet-movie-of-all-time-filmed-as-the-muppets-.fountain,146,20478,623
Sci-Fi,groundhog-day-pdf.fountain,164,23340,825
Sci-Fi,halloween-resurrection-pdf.fountain,187,22202,490
Sci-Fi,hannibal.fountain,150,32408,856
Sci-Fi,hard-rain.fountain,153,20073,650
Sci-Fi,hard-to-kill-pdf.fountain,162,23541,482
Sci-Fi,harold-and-kumar-go-to-white-castle-pdf.fountain,157,26026,827
Sci-Fi,heat-pdf.fountain,280,29125,821
Sci-Fi,havoc-2-normal-adolescent-behavior-pdf.fountain,105,18901,765
Sci-Fi,the-help-pdf.fountain,198,26464,1058
Sci-Fi,he-s-just-not-that-into-you-pdf.fountain,130,24159,1057
Sci-Fi,the-grudge-pdf.fountain,153,21921,339
Sci-Fi,hitchhiker-s-guide-to-the-galaxy-pdf.fountain,78,24476,857
Sci-Fi,house-of-1000-corpses.fountain,181,20717,858
Sci-Fi,hudson-hawk-pdf.fountain,104,26936,1011
Sci-Fi,the-hudsucker-proxy-pdf.fountain,222,28404,919
Sci-Fi,the-hurt-locker-pdf.fountain,136,20095,652
Sci-Fi,the-hollars-pdf.fountain,142,19388,1209
Sci-Fi,hotel-rwanda-pdf.fountain,221,24651,978
Sci-Fi,i-saw-the-light-pdf.fountain,175,25788,864
Sci-Fi,i-robot-pdf.fountain,58,21659,634
Sci-Fi,ides-of-march-pdf.fountain,93,17093,822
Sci-Fi,if-beale-street-could-talk-pdf.fountain,118,23263,599
Sci-Fi,independence-day.fountain,327,26883,853
Sci-Fi,inside-out-pdf.fountain,387,19657,983
Sci-Fi,the-island-pdf.fountain,225,39370,803
Sci-Fi,inventing-the-abbotts-pdf.fountain,162,23252,1007
Sci-Fi,the-italian-job-pdf.fountain,281,21066,631
Sci-Fi,the-jacket.fountain,185,28125,792
Sci-Fi,the-island-of-dr-moreau-pdf.fountain,89,27180,629
Sci-Fi,jackie-pdf.fountain,105,15391,479
Sci-Fi,the-jacket-pdf.fountain,185,28263,801
Sci-Fi,jfk.fountain,72,52766,1264
Sci-Fi,kill-your-darlings-pdf.fountain,164,20483,786
Sci-Fi,the-kingdom-pdf.fountain,161,29466,740
Sci-Fi,knocked-up-pdf.fountain,170,25293,1757
Sci-Fi,lady-bird-pdf.fountain,128,17434,205
Sci-Fi,land-of-mine-pdf.fountain,104,20392,708
Sci-Fi,the-last-boy-scout-pdf.fountain,129,29195,1185
Sci-Fi,land-of-the-dead-pdf.fountain,253,23073,620
Sci-Fi,last-flag-flying-pdf.fountain,83,18053,993
Sci-Fi,legally-blonde-pdf.fountain,32,23329,670
Sci-Fi,lethal-weapon-4-pdf.fountain,232,24542,1207
Sci-Fi,legionnaire.fountain,199,23604,574
Sci-Fi,letters-to-juliet-pdf.fountain,127,21513,907
Sci-Fi,liar-liar-pdf.fountain,112,17970,812
Sci-Fi,the-life-of-david-gale-pdf.fountain,189,22577,805
Sci-Fi,lion-pdf.fountain,228,25671,25
Sci-Fi,little-athens-pdf.fountain,154,26827,1180
Sci-Fi,the-lost-city-of-z-pdf.fountain,136,32987,679
Sci-Fi,love-and-friendship-pdf.fountain,83,16530,710
Sci-Fi,macbeth-pdf.fountain,117,22450,272
Sci-Fi,macgruber-pdf.fountain,147,17234,828
Sci-Fi,malibu-s-most-wanted-pdf.fountain,131,18638,957
Sci-Fi,man-trouble-pdf.fountain,176,27377,985
Sci-Fi,the-manchurian-candidate-pdf.fountain,58,27305,817
Sci-Fi,maria-full-of-grace-pdf.fountain,167,19812,650
Sci-Fi,the-matrix-pdf.fountain,230,25284,890
Sci-Fi,maverick-pdf.fountain,192,31147,1256
Sci-Fi,me-and-earl-and-the-dying-girl-pdf.fountain,99,20412,654
Sci-Fi,the-meddler-pdf.fountain,137,21470,666
Sci-Fi,maggie-s-plan-pdf.fountain,136,19578,836
Sci-Fi,memphis-belle-pdf.fountain,329,26383,925
Sci-Fi,the-meyerowitz-stories-new-and-selected-pdf.fountain,89,26535,1487
Sci-Fi,miami-vice.fountain,213,21342,633
Sci-Fi,miami-vice-pdf.fountain,213,22170,633
Sci-Fi,mighty-joe-young-pdf.fountain,146,27563,700
Sci-Fi,miles-ahead-pdf.fountain,88,21694,46
Sci-Fi,matchstick-men-pdf.fountain,174,21884,993
Sci-Fi,mini-s-first-time-pdf.fountain,180,23882,852
Sci-Fi,mission-to-mars.fountain,178,28631,742
Sci-Fi,mistress-america-pdf.fountain,89,18258,1007
Sci-Fi,mississippi-grind-pdf.fountain,106,20588,1029
Sci-Fi,moonlight-pdf.fountain,154,20662,515
Sci-Fi,newsies-pdf.fountain,121,26127,884
Sci-Fi,new-york-minute-pdf.fountain,143,21405,832
Sci-Fi,next-pdf.fountain,113,24794,743
Sci-Fi,okja-pdf.fountain,122,26604,494
Sci-Fi,out-of-time-pdf.fountain,198,22184,677
Sci-Fi,out-of-sight-pdf.fountain,164,30488,1254
Sci-Fi,outbreak-pdf.fountain,116,26243,842
Sci-Fi,the-pacifier-pdf.fountain,217,23586,46
Sci-Fi,panic-room-pdf.fountain,174,23251,506
Sci-Fi,one-eight-seven-pdf.fountain,373,25539,491
Sci-Fi,planet-of-the-apes-2001.fountain,166,22214,10
Sci-Fi,the-post-pdf.fountain,79,20779,868
Sci-Fi,the-postman-pdf.fountain,172,28548,880
Sci-Fi,the-power-of-one-pdf.fountain,152,30466,1028
Sci-Fi,pray-for-dawn-pdf.fountain,68,16395,610
Sci-Fi,the-prestige-pdf.fountain,242,27262,887
Sci-Fi,pretty-woman-pdf.fountain,149,27806,1000
Sci-Fi,a-perfect-world-pdf.fountain,242,30960,1011
Sci-Fi,queen-of-the-damned-pdf.fountain,120,27936,673
Sci-Fi,the-reader-pdf.fountain,196,16201,589
Sci-Fi,red-planet.fountain,172,22197,595
Sci-Fi,red-planet-pdf.fountain,201,19516,624
Sci-Fi,the-red-turtle-pdf.fountain,11,11190,0
Sci-Fi,remember-pdf.fountain,123,20183,522
Sci-Fi,the-replacements-pdf.fountain,147,24834,837
Sci-Fi,robin-hood-the-prince-of-thieves-pdf.fountain,123,25637,991
Sci-Fi,rocknrolla-pdf.fountain,162,23987,746
Sci-Fi,room-pdf.fountain,133,22754,794
Sci-Fi,rough-diamonds-filmed-as-wild-things-diamonds-in-the-rough-p.fountain,150,21081,699
Sci-Fi,the-royal-tenenbaums-pdf.fountain,143,25774,767
Sci-Fi,the-saint.fountain,285,28879,491
Sci-Fi,save-the-last-dance-pdf.fountain,154,25608,788
Sci-Fi,second-act-pdf.fountain,161,19512,913
Sci-Fi,silence-pdf.fountain,193,26679,58
Sci-Fi,sing-street-pdf.fountain,144,24635,918
Sci-Fi,slow-west-pdf.fountain,104,15541,278
Sci-Fi,solaris.fountain,120,12342,507
Sci-Fi,something-s-gotta-give-pdf.fountain,83,26574,1034
Sci-Fi,somewhere-pdf.fountain,96,6733,140
Sci-Fi,space-cowboys-pdf.fountain,177,25629,929
Sci-Fi,spanglish-pdf.fountain,200,27529,811
Sci-Fi,spare-me.fountain,22,16171,728
Sci-Fi,sphere.fountain,201,23577,1343
Sci-Fi,something-borrowed-filmed-as-the-wedding-date.fountain,136,20700,585
Sci-Fi,the-spectacular-now-pdf.fountain,103,22653,1124
Sci-Fi,state-and-main.fountain,183,21839,1283
Sci-Fi,stuart-little-2-pdf.fountain,102,15773,684
Sci-Fi,sully-pdf.fountain,186,21127,694
Sci-Fi,suspect-zero-pdf.fountain,57,29012,638
Sci-Fi,sweet-november-pdf.fountain,138,22709,945
Sci-Fi,taking-lives-pdf.fountain,186,21479,743
Sci-Fi,this-boy-s-life-pdf.fountain,188,26612,730
Sci-Fi,the-three-musketeers-pdf.fountain,98,28839,953
Sci-Fi,three-thousand-filmed-as-pretty-woman-pdf.fountain,129,27427,1007
Sci-Fi,summer-of-84-pdf.fountain,117,25297,802
Sci-Fi,ticker-pdf.fountain,101,15303,516
Sci-Fi,the-time-machine.fountain,98,19963,734
Sci-Fi,tin-cup-pdf.fountain,174,26909,1032
Sci-Fi,titanic.fountain,208,43358,996
Sci-Fi,toni-erdmann-pdf.fountain,113,27823,163
Sci-Fi,tombstone-pdf.fountain,113,30648,1002
Sci-Fi,toy-story.fountain,121,21455,867
Sci-Fi,training-day-pdf.fountain,92,21133,957
Sci-Fi,training-day.fountain,85,20319,1053
Sci-Fi,trainspotting.fountain,190,17373,568
Sci-Fi,troy-pdf.fountain,227,33071,873
Sci-Fi,trainwreck-pdf.fountain,115,19239,1283
Sci-Fi,unbroken-pdf.fountain,199,20203,324
Sci-Fi,vicky-cristina-barcelona-pdf.fountain,207,23157,1001
Sci-Fi,virtuosity-pdf.fountain,166,26926,557
Sci-Fi,a-walk-to-remember-pdf.fountain,229,19715,841
Sci-Fi,a-walk-to-remember.fountain,229,19398,845
Sci-Fi,while-we-re-young-pdf.fountain,111,22124,1062
Sci-Fi,what-to-expect-when-you-re-expecting-pdf.fountain,145,25040,822
Sci-Fi,wild-at-heart.fountain,27,27657,1069
Sci-Fi,wild-wild-west-pdf.fountain,233,29157,666
Sci-Fi,vantage-point-pdf.fountain,169,23138,532
Sci-Fi,woman-in-gold-pdf.fountain,228,30426,880
Sci-Fi,wind-chill-pdf.fountain,117,20951,414
Sci-Fi,wonderstruck-pdf.fountain,156,22939,347
Sci-Fi,the-x-files-movie.fountain,137,28369,629
Sci-Fi,youth-pdf.fountain,7,28586,615
Sci-Fi,you-ve-got-mail.fountain,202,24535,1103
Sci-Fi,youth-in-revolt-pdf.fountain,247,25931,1002
Sci-Fi,the-zero-theorem-pdf.fountain,83,19793,774
Sci-Fi,zootopia-pdf.fountain,102,19841,734
Sci-Fi,wreck-it-ralph-pdf.fountain,75,20882,892
Sci-Fi,ali-html.fountain,253,32297,806
Sci-Fi,avatar-html.fountain,165,35681,795
Sci-Fi,backdraft-html.fountain,214,27453,970
Sci-Fi,crank-html.fountain,182,22500,676
Sci-Fi,fracture-html.fountain,139,23264,915
Sci-Fi,godfather-html.fountain,230,32649,906
Sci-Fi,good-will-hunting-html.fountain,127,23860,1231
Sci-Fi,gothika-html.fountain,158,26098,1
Sci-Fi,hanna-html.fountain,8,25569,761
Sci-Fi,high-fidelity-html.fountain,118,26465,1043
Sci-Fi,inception-html.fountain,288,28286,1224
Sci-Fi,inglourious-basterds-html.fountain,107,34205,982
Sci-Fi,invictus-html.fountain,272,28792,724
Sci-Fi,john-wick-html.fountain,464,19209,465
Sci-Fi,knocked-up-html.fountain,170,25660,1840
Sci-Fi,kung-fu-panda-html.fountain,70,15184,684
Sci-Fi,limitless-html.fountain,223,23725,683
Sci-Fi,matrix-the-html.fountain,222,23650,831
Sci-Fi,mimic-html.fountain,147,21386,561
Sci-Fi,pandorum-html.fountain,120,28396,744
Sci-Fi,pearl-harbor-html.fountain,314,33629,812
Sci-Fi,pi-html.fountain,63,15148,510
Sci-Fi,pleasantville-html.fountain,192,32770,899
Sci-Fi,pulp-fiction-html.fountain,117,28138,1183
Sci-Fi,ronin-html.fountain,99,28401,758
Sci-Fi,se7en-html.fountain,206,34843,834
Sci-Fi,signs-html.fountain,95,22983,648
Sci-Fi,sixth-sense-the-html.fountain,123,23305,672
Sci-Fi,spartan-html.fountain,315,29930,689
Sci-Fi,star-wars-a-new-hope-html.fountain,486,33473,1004
Sci-Fi,syriana-html.fountain,6,29232,653
Sci-Fi,terminator-2-judgement-day-html.fountain,11,35903,526
Sci-Fi,true-romance-html.fountain,87,26880,1009
Sci-Fi,valkyrie-html.fountain,31,24835,658
Sci-Fi,watchmen-html.fountain,201,27514,847
Sci-Fi,beloved-html.fountain,235,33863,1076
Sci-Fi,blink-twice-html.fountain,157,19342,729
Sci-Fi,brutalist-the-html.fountain,163,27414,1094
Sci-Fi,croupier-html.fountain,160,19065,818
Sci-Fi,grabbers-html.fountain,146,19279,965
Sci-Fi,how-to-train-your-dragon-html.fountain,104,21838,641
Sci-Fi,meet-joe-black-html.fountain,117,30008,1354
Sci-Fi,ocean-s-twelve-html.fountain,8,23287,945
Sci-Fi,passengers-html.fountain,37,25164,1071
Sci-Fi,star-wars-the-empire-strikes-back-html.fountain,285,27502,842
Sci-Fi,sugar-html.fountain,43,24593,799
Sci-Fi,surrogates-html.fountain,179,24414,691
Sci-Fi,timber-falls-html.fountain,7,21740,658
Sci-Fi,twilight-html.fountain,215,23047,690
Sci-Fi,two-for-the-money-html.fountain,192,27196,878
Sci-Fi,zerophilia-html.fountain,34,14582,885
Thriller,austin-powers-2-the-spy-who-shagged-me.fountain,111,17235,782
Thriller,conspiracy-theory.fountain,183,23506,836
Thriller,flight-pdf.fountain,141,32168,841
Thriller,swingers.fountain,115,17151,845
War,13-days.fountain,281,33742,864
War,3-kings.fountain,140,25904,1115
War,3-kings-spoils-of-war.fountain,37,25460,864
War,the-5th-element.fountain,98,24322,858
War,american-outlaws.fountain,147,21107,971
War,antz.fountain,85,17634,662
War,bottle-rocket.fountain,103,19812,1185
War,bringing-out-the-dead.fountain,78,18129,781
War,the-cider-house-rules.fountain,197,26146,1035
War,the-assignment.fountain,201,33055,733
War,basic.fountain,142,22329,1064
War,the-battle-of-shaker-heights.fountain,99,18082,931
War,blade-trinity.fountain,179,25092,447
War,braveheart.fountain,125,27455,691
War,the-doors.fountain,208,37218,1052
War,four-feathers.fountain,378,32731,703
War,highlander-4.fountain,117,18446,597
War,hotel-rwanda.fountain,203,23939,1000
War,independence-day.fountain,327,26883,853
War,the-jacket.fountain,185,28125,792
War,jason-x.fountain,187,20674,1010
War,jfk.fountain,72,52766,1264
War,kundun.fountain,213,23742,558
War,last-of-the-mohicans.fountain,123,25205,564
War,lone-star.fountain,100,23468,1178
War,man-in-the-iron-mask.fountain,140,26907,825
War,man-on-fire-pdf.fountain,187,26126,856
War,man-on-fire.fountain,186,25485,891
War,the-patriot.fountain,165,29424,739
War,pearl-harbor.fountain,314,33255,811
War,planet-of-the-apes-2001.fountain,166,22214,10
War,resident-evil-romero-unproduced.fountain,185,22909,541
War,resident-evil.fountain,128,22898,700
War,rush-hour.fountain,192,23435,728
War,rushmore.fountain,83,21911,904
War,the-salton-sea.fountain,199,22009,816
War,saving-private-ryan.fountain,68,22243,890
War,soldier.fountain,239,32013,493
War,spartan-pdf.fountain,315,29564,563
War,thirteen-days.fountain,281,33674,867
War,toy-story.fountain,121,21455,867
War,warm-springs.fountain,148,20997,872
War,xxx.fountain,129,24700,664
War,star-wars-a-new-hope-html.fountain,486,33473,1004
War,syriana-html.fountain,6,29232,653
War,star-wars-the-empire-strikes-back-html.fountain,285,27502,842
Western,american-outlaws.fountain,147,21107,971
Western,space-cowboys-pdf.fountain,177,25629,929
Western,tombstone.fountain,117,30528,1041
