fingerprint,kept,removed
0d035c8d0310e65e,Antz.fountain.txt,crawl/action/antz.fountain
0d035c8d0310e65e,Antz.fountain.txt,crawl/romance/antz.fountain
0d035c8d0310e65e,Antz.fountain.txt,crawl/war/antz.fountain
b83f1ce8770c7ea4,13-days.fountain,crawl/war/13-days.fountain
f66891f958286de8,15-minutes.fountain,crawl/comedy/15-minutes.fountain
f66891f958286de8,15-minutes.fountain,crawl/crime/15-minutes.fountain
de01fa9ca6980acc,3-kings-spoils-of-war.fountain,crawl/war/3-kings-spoils-of-war.fountain
c3bc5418232747b1,3-kings.fountain,crawl/war/3-kings.fountain
6bd7d205191d4e12,ace-ventura-pet-detective.fountain,crawl/crime/ace-ventura-pet-detective.fountain
6bd7d205191d4e12,ace-ventura-pet-detective.fountain,crawl/mystery/ace-ventura-pet-detective.fountain
d5d6bb298ccc6a67,airforce-one.fountain,crawl/fantasy/airforce-one.fountain
d5d6bb298ccc6a67,airforce-one.fountain,crawl/sci-fi/airforce-one.fountain
f8e03e8a7ca49b27,american-outlaws.fountain,crawl/war/american-outlaws.fountain
f8e03e8a7ca49b27,american-outlaws.fountain,crawl/western/american-outlaws.fountain
4cb1623092c58ff3,assassins.fountain,crawl/crime/assassins.fountain
f4bdbc5b88b523da,austin-powers-2-the-spy-who-shagged-me.fountain,crawl/horror/austin-powers-2-the-spy-who-shagged-me.fountain
f4bdbc5b88b523da,austin-powers-2-the-spy-who-shagged-me.fountain,crawl/sci-fi/austin-powers-2-the-spy-who-shagged-me.fountain
f4bdbc5b88b523da,austin-powers-2-the-spy-who-shagged-me.fountain,crawl/thriller/austin-powers-2-the-spy-who-shagged-me.fountain
1bc387cfe0201c1d,austin-powers-international-man-of-mystery.fountain,crawl/crime/austin-powers-international-man-of-mystery.fountain
1bc387cfe0201c1d,austin-powers-international-man-of-mystery.fountain,crawl/mystery/austin-powers-international-man-of-mystery.fountain
c6736ed1f48e1383,avatar-html.fountain,crawl/horror/avatar-html.fountain
c6736ed1f48e1383,avatar-html.fountain,crawl/sci-fi/avatar-html.fountain
6145c20bb14c62b1,backdraft-html.fountain,crawl/horror/backdraft-html.fountain
6145c20bb14c62b1,backdraft-html.fountain,crawl/sci-fi/backdraft-html.fountain
c94d136c21ac0450,bad-lieutenant.fountain,crawl/crime/bad-lieutenant.fountain
513bff7691825745,batman-2-unproduced.fountain,crawl/crime/batman-2-unproduced.fountain
799161a2e68beef2,blade-ii.fountain,crawl/fantasy/blade-ii.fountain
799161a2e68beef2,blade-ii.fountain,crawl/horror/blade-ii.fountain
3c66d320e973fa22,blade-trinity.fountain,crawl/crime/blade-trinity.fountain
3c66d320e973fa22,blade-trinity.fountain,crawl/war/blade-trinity.fountain
136f59a54449734f,blade.fountain,crawl/crime/blade.fountain
136f59a54449734f,blade.fountain,crawl/horror/blade.fountain
650cf417770b3825,bottle-rocket.fountain,crawl/crime/bottle-rocket.fountain
650cf417770b3825,bottle-rocket.fountain,crawl/war/bottle-rocket.fountain
5df81fcb7561b9ab,bringing-out-the-dead.fountain,crawl/crime/bringing-out-the-dead.fountain
5df81fcb7561b9ab,bringing-out-the-dead.fountain,crawl/war/bringing-out-the-dead.fountain
4a07b140d3d6406b,chasing-amy.fountain,crawl/fantasy/chasing-amy.fountain
4a07b140d3d6406b,chasing-amy.fountain,crawl/sci-fi/chasing-amy.fountain
68e1fc93307b5d03,cold-mountain.fountain,crawl/sci-fi/cold-mountain.fountain
8723a23eef0974f0,copycat.fountain,crawl/crime/copycat.fountain
5f950969f697c9c5,crank-html.fountain,crawl/horror/crank-html.fountain
5f950969f697c9c5,crank-html.fountain,crawl/sci-fi/crank-html.fountain
393528b638e93742,dark-angel-pilot.fountain,crawl/crime/dark-angel-pilot.fountain
393528b638e93742,dark-angel-pilot.fountain,crawl/horror/dark-angel-pilot.fountain
821ce95a75d6578e,demolition-man.fountain,crawl/crime/demolition-man.fountain
821ce95a75d6578e,demolition-man.fountain,crawl/horror/demolition-man.fountain
27633398fd8b59a0,detroit-rock-city.fountain,crawl/crime/detroit-rock-city.fountain
27633398fd8b59a0,detroit-rock-city.fountain,crawl/horror/detroit-rock-city.fountain
1f76cecb28ce48fa,el-mariachi.fountain,crawl/crime/el-mariachi.fountain
de50de6df719e3b8,elf.fountain,crawl/fantasy/elf.fountain
79d66c2d33929d47,enemy-of-the-state.fountain,crawl/crime/enemy-of-the-state.fountain
70cec2846200459a,even-cowgirls-get-the-blues.fountain,crawl/romance/even-cowgirls-get-the-blues.fountain
e20366c6b13a4114,fear-and-loathing-in-las-vegas.fountain,crawl/crime/fear-and-loathing-in-las-vegas.fountain
f479f54f7800b9fb,freddy-vs-jason.fountain,crawl/crime/freddy-vs-jason.fountain
f479f54f7800b9fb,freddy-vs-jason.fountain,crawl/horror/freddy-vs-jason.fountain
05a226d0c7e67d44,frequency.fountain,crawl/crime/frequency.fountain
46202e490580a259,halloween-6-the-curse-of-michael-myers-halloween-666-the-ori.fountain,crawl/crime/halloween-6-the-curse-of-michael-myers-halloween-666-the-ori.fountain
46202e490580a259,halloween-6-the-curse-of-michael-myers-halloween-666-the-ori.fountain,crawl/horror/halloween-6-the-curse-of-michael-myers-halloween-666-the-ori.fountain
2096f3ee578c70ac,hanna-html.fountain,crawl/horror/hanna-html.fountain
2096f3ee578c70ac,hanna-html.fountain,crawl/sci-fi/hanna-html.fountain
2e1a7493bbb28502,hannibal.fountain,crawl/crime/hannibal.fountain
481bcbd81e696daf,hellboy.fountain,crawl/horror/hellboy.fountain
c3b4687ff22ff87c,high-fidelity-html.fountain,crawl/horror/high-fidelity-html.fountain
c3b4687ff22ff87c,high-fidelity-html.fountain,crawl/sci-fi/high-fidelity-html.fountain
b799f1062a216a1f,highlander-4.fountain,crawl/horror/highlander-4.fountain
b799f1062a216a1f,highlander-4.fountain,crawl/war/highlander-4.fountain
273c35f579d35309,hostage.fountain,crawl/crime/hostage.fountain
f52374e71f5b87c9,hudson-hawk.fountain,crawl/comedy/hudson-hawk.fountain
f52374e71f5b87c9,hudson-hawk.fountain,crawl/crime/hudson-hawk.fountain
6a04ebfe6fd440d5,independence-day.fountain,crawl/sci-fi/independence-day.fountain
6a04ebfe6fd440d5,independence-day.fountain,crawl/war/independence-day.fountain
da67cfc7a4f56b9f,inglourious-basterds-html.fountain,crawl/horror/inglourious-basterds-html.fountain
da67cfc7a4f56b9f,inglourious-basterds-html.fountain,crawl/sci-fi/inglourious-basterds-html.fountain
f0bb4a428742af34,jennifer-eight.fountain,crawl/crime/jennifer-eight.fountain
7533ec1efc183cd1,jurassic-park-3.fountain,crawl/adventure/jurassic-park-3.fountain
7533ec1efc183cd1,jurassic-park-3.fountain,crawl/horror/jurassic-park-3.fountain
2fc5be31f7ade023,kundun.fountain,crawl/war/kundun.fountain
092d2f07e0e2a48e,l-a-confidential.fountain,crawl/crime/l-a-confidential.fountain
4b15cf806b76b512,last-of-the-mohicans.fountain,crawl/war/last-of-the-mohicans.fountain
fa564bdaef7e69dc,legionnaire.fountain,crawl/sci-fi/legionnaire.fountain
9528330e6e174d0d,lone-star.fountain,crawl/action/lone-star.fountain
9528330e6e174d0d,lone-star.fountain,crawl/crime/lone-star.fountain
9528330e6e174d0d,lone-star.fountain,crawl/war/lone-star.fountain
087c42a01a988b14,man-in-the-iron-mask.fountain,crawl/horror/man-in-the-iron-mask.fountain
087c42a01a988b14,man-in-the-iron-mask.fountain,crawl/war/man-in-the-iron-mask.fountain
c8d0661dd105495c,men-in-black.fountain,crawl/horror/men-in-black.fountain
41fc1d118ea258be,metro.fountain,crawl/crime/metro.fountain
03460100ce9df960,mighty-morphin-power-rangers.fountain,crawl/fantasy/mighty-morphin-power-rangers.fountain
03460100ce9df960,mighty-morphin-power-rangers.fountain,crawl/horror/mighty-morphin-power-rangers.fountain
01b0fef6bd290b00,mimic.fountain,crawl/crime/mimic.fountain
01b0fef6bd290b00,mimic.fountain,crawl/horror/mimic.fountain
17d4a95789ef32fd,mission-impossible.fountain,crawl/crime/mission-impossible.fountain
4125d8198113ae0c,mission-to-mars.fountain,crawl/sci-fi/mission-to-mars.fountain
47e0763a27c15782,mystery-men.fountain,crawl/crime/mystery-men.fountain
47e0763a27c15782,mystery-men.fountain,crawl/mystery/mystery-men.fountain
929e9b449b0b8496,natural-born-killers.fountain,crawl/crime/natural-born-killers.fountain
929e9b449b0b8496,natural-born-killers.fountain,crawl/horror/natural-born-killers.fountain
ee32bfd79c535f8b,new-nightmare.fountain,crawl/horror/new-nightmare.fountain
a9c633e4f0dc5864,o-brother-where-art-thou.fountain,crawl/crime/o-brother-where-art-thou.fountain
a9c633e4f0dc5864,o-brother-where-art-thou.fountain,crawl/horror/o-brother-where-art-thou.fountain
c58468b9719779c2,passengers-html.fountain,crawl/horror/passengers-html.fountain
c58468b9719779c2,passengers-html.fountain,crawl/sci-fi/passengers-html.fountain
1c33b5809a6107b3,pearl-harbor-html.fountain,crawl/horror/pearl-harbor-html.fountain
1c33b5809a6107b3,pearl-harbor-html.fountain,crawl/sci-fi/pearl-harbor-html.fountain
954438bed70449bb,pearl-harbor.fountain,crawl/war/pearl-harbor.fountain
dfe8a09469d26947,pet-sematary-ii.fountain,crawl/crime/pet-sematary-ii.fountain
dfe8a09469d26947,pet-sematary-ii.fountain,crawl/horror/pet-sematary-ii.fountain
35ebe19bc5ca7c43,pitch-black.fountain,crawl/crime/pitch-black.fountain
35ebe19bc5ca7c43,pitch-black.fountain,crawl/fantasy/pitch-black.fountain
39647099c3faa2da,planet-of-the-apes-2001.fountain,crawl/sci-fi/planet-of-the-apes-2001.fountain
39647099c3faa2da,planet-of-the-apes-2001.fountain,crawl/war/planet-of-the-apes-2001.fountain
272ca5d6dab2f906,quills.fountain,crawl/crime/quills.fountain
272ca5d6dab2f906,quills.fountain,crawl/horror/quills.fountain
fcf8b04442f933c0,red-planet.fountain,crawl/sci-fi/red-planet.fountain
3f36e657246ed7b4,resident-evil-romero-unproduced.fountain,crawl/horror/resident-evil-romero-unproduced.fountain
3f36e657246ed7b4,resident-evil-romero-unproduced.fountain,crawl/war/resident-evil-romero-unproduced.fountain
ce188fc40f81d83d,ronin-html.fountain,crawl/horror/ronin-html.fountain
ce188fc40f81d83d,ronin-html.fountain,crawl/sci-fi/ronin-html.fountain
533a7651291dfadc,ronin.fountain,crawl/fantasy/ronin.fountain
78540c04f3c2129e,rush-hour-2.fountain,crawl/crime/rush-hour-2.fountain
2668258da74319a6,rush-hour.fountain,crawl/crime/rush-hour.fountain
2668258da74319a6,rush-hour.fountain,crawl/war/rush-hour.fountain
eb5833feffdfefdb,saving-private-ryan.fountain,crawl/war/saving-private-ryan.fountain
b5ae194e436fefab,schindler-s-list.fountain,crawl/action/schindler-s-list.fountain
b281a3ab961e47e3,sgt-rock.fountain,crawl/horror/sgt-rock.fountain
c3a05225de6e0f32,sleepy-hollow.fountain,crawl/crime/sleepy-hollow.fountain
c3a05225de6e0f32,sleepy-hollow.fountain,crawl/fantasy/sleepy-hollow.fountain
6dc12658d87a26f5,smokin-aces.fountain,crawl/crime/smokin-aces.fountain
6dc12658d87a26f5,smokin-aces.fountain,crawl/fantasy/smokin-aces.fountain
56a2fb514b92ee22,soldier.fountain,crawl/horror/soldier.fountain
56a2fb514b92ee22,soldier.fountain,crawl/war/soldier.fountain
649760eedd14f238,spider-man.fountain,crawl/horror/spider-man.fountain
07da38f29babf723,star-trek-10-nemesis.fountain,crawl/adventure/star-trek-10-nemesis.fountain
07da38f29babf723,star-trek-10-nemesis.fountain,crawl/horror/star-trek-10-nemesis.fountain
ae2cf0da31e5e845,surrogates-html.fountain,crawl/horror/surrogates-html.fountain
ae2cf0da31e5e845,surrogates-html.fountain,crawl/sci-fi/surrogates-html.fountain
2f887292f8fdff17,suspect-zero.fountain,crawl/crime/suspect-zero.fountain
2f887292f8fdff17,suspect-zero.fountain,crawl/horror/suspect-zero.fountain
ec6a7ad036e9415a,terminator-2-judgement-day-html.fountain,crawl/horror/terminator-2-judgement-day-html.fountain
ec6a7ad036e9415a,terminator-2-judgement-day-html.fountain,crawl/sci-fi/terminator-2-judgement-day-html.fountain
f5cce26ea11512a7,the-5th-element.fountain,crawl/sci-fi/the-5th-element.fountain
f5cce26ea11512a7,the-5th-element.fountain,crawl/war/the-5th-element.fountain
054be7818ad1269a,the-assignment.fountain,crawl/crime/the-assignment.fountain
054be7818ad1269a,the-assignment.fountain,crawl/war/the-assignment.fountain
5c2eb600a5866c51,the-avengers.fountain,crawl/mystery/the-avengers.fountain
5c2eb600a5866c51,the-avengers.fountain,crawl/sci-fi/the-avengers.fountain
fa238507f05a8d8b,the-battle-of-shaker-heights.fountain,crawl/war/the-battle-of-shaker-heights.fountain
9c3ce15177efe418,the-big-lebowski.fountain,crawl/action/the-big-lebowski.fountain
6f97e8740b77d705,the-black-dahlia.fountain,crawl/crime/the-black-dahlia.fountain
6f97e8740b77d705,the-black-dahlia.fountain,crawl/fantasy/the-black-dahlia.fountain
2039c136908c9bc6,the-boondock-saints.fountain,crawl/crime/the-boondock-saints.fountain
2039c136908c9bc6,the-boondock-saints.fountain,crawl/sci-fi/the-boondock-saints.fountain
cde0e57c0a11f89a,the-bourne-identity.fountain,crawl/sci-fi/the-bourne-identity.fountain
22b96d875fe26ca5,the-cable-guy.fountain,crawl/crime/the-cable-guy.fountain
22b96d875fe26ca5,the-cable-guy.fountain,crawl/fantasy/the-cable-guy.fountain
6b929ac89908bc19,the-cider-house-rules.fountain,crawl/war/the-cider-house-rules.fountain
df0bc2258ee8ba70,the-crow-salvation.fountain,crawl/crime/the-crow-salvation.fountain
1e8ffb35ba422257,the-crow.fountain,crawl/crime/the-crow.fountain
1e8ffb35ba422257,the-crow.fountain,crawl/horror/the-crow.fountain
bf16ab45926618b5,the-english-patient.fountain,crawl/adventure/the-english-patient.fountain
a0d0bf32c19dcead,the-fisher-king.fountain,crawl/comedy/the-fisher-king.fountain
a0d0bf32c19dcead,the-fisher-king.fountain,crawl/horror/the-fisher-king.fountain
1c064df5115759b9,the-fugitive.fountain,crawl/crime/the-fugitive.fountain
1c064df5115759b9,the-fugitive.fountain,crawl/sci-fi/the-fugitive.fountain
2a21fafa0ff29de8,the-grifters.fountain,crawl/crime/the-grifters.fountain
e9dff97a07174399,the-haunting.fountain,crawl/horror/the-haunting.fountain
c88ea1fd232c7af7,the-patriot.fountain,crawl/war/the-patriot.fountain
3da65f399097232c,the-relic.fountain,crawl/crime/the-relic.fountain
3da65f399097232c,the-relic.fountain,crawl/horror/the-relic.fountain
969fdc4ec55a0cf3,the-salton-sea.fountain,crawl/horror/the-salton-sea.fountain
969fdc4ec55a0cf3,the-salton-sea.fountain,crawl/war/the-salton-sea.fountain
552cf8f2a562fc13,the-time-machine.fountain,crawl/horror/the-time-machine.fountain
552cf8f2a562fc13,the-time-machine.fountain,crawl/sci-fi/the-time-machine.fountain
f72aaf6806ec6f01,the-truman-show.fountain,crawl/adventure/the-truman-show.fountain
5739d22acf4ca652,the-x-files-movie.fountain,crawl/sci-fi/the-x-files-movie.fountain
d9d45d9d2401881b,ticker.fountain,crawl/crime/ticker.fountain
1ec8e6a640415f3c,tombstone.fountain,crawl/fantasy/tombstone.fountain
1ec8e6a640415f3c,tombstone.fountain,crawl/western/tombstone.fountain
a62d308aabc9ad2b,toy-story.fountain,crawl/sci-fi/toy-story.fountain
a62d308aabc9ad2b,toy-story.fountain,crawl/war/toy-story.fountain
24fee643c2170254,traffic.fountain,crawl/comedy/traffic.fountain
24fee643c2170254,traffic.fountain,crawl/crime/traffic.fountain
5e72f79ec3685156,trainspotting.fountain,crawl/sci-fi/trainspotting.fountain
d7d092aaf94beed7,tremors.fountain,crawl/horror/tremors.fountain
d198dd61bea44bb0,true-romance.fountain,crawl/crime/true-romance.fountain
d198dd61bea44bb0,true-romance.fountain,crawl/romance/true-romance.fountain
ee635a59b7b1677d,valkyrie-html.fountain,crawl/horror/valkyrie-html.fountain
ee635a59b7b1677d,valkyrie-html.fountain,crawl/sci-fi/valkyrie-html.fountain
5e2c00fd83c119b6,virtuosity.fountain,crawl/crime/virtuosity.fountain
5e2c00fd83c119b6,virtuosity.fountain,crawl/horror/virtuosity.fountain
c2e252dc1b4ed047,watchmen-html.fountain,crawl/horror/watchmen-html.fountain
c2e252dc1b4ed047,watchmen-html.fountain,crawl/sci-fi/watchmen-html.fountain
00df3ec1c15706d8,x-men.fountain,crawl/crime/x-men.fountain
00df3ec1c15706d8,x-men.fountain,crawl/horror/x-men.fountain
b433803dbe37d92b,xxx.fountain,crawl/crime/xxx.fountain
b433803dbe37d92b,xxx.fountain,crawl/war/xxx.fountain
32da2fd5a5c91c73,1492-conquest-of-paradise.fountain,crawl/adventure/conquest-of-paradise-1492.fountain
32da2fd5a5c91c73,1492-conquest-of-paradise.fountain,crawl/horror/1492-conquest-of-paradise.fountain
32da2fd5a5c91c73,1492-conquest-of-paradise.fountain,crawl/horror/conquest-of-paradise-1492.fountain
286d94b301a9630f,almost-famous.fountain,crawl/sci-fi/almost-famous.fountain
ecae36037654b8f3,blow.fountain,crawl/crime/blow.fountain
3da1483086304e69,gods-and-monsters.fountain,crawl/horror/gods-and-monsters.fountain
0d1a6c5f08181b6e,house-on-haunted-hill.fountain,crawl/fantasy/house-on-haunted-hill.fountain
0d1a6c5f08181b6e,house-on-haunted-hill.fountain,crawl/horror/house-on-haunted-hill.fountain
caed257b6e75ef2f,jurassic-park-2-the-lost-world.fountain,crawl/comedy/jurassic-park-2-the-lost-world.fountain
cbc99e2c2fadf70e,ocean-s-twelve-html.fountain,crawl/horror/ocean-s-twelve-html.fountain
cbc99e2c2fadf70e,ocean-s-twelve-html.fountain,crawl/sci-fi/ocean-s-twelve-html.fountain
986774910b52d6b9,sugar-html.fountain,crawl/horror/sugar-html.fountain
986774910b52d6b9,sugar-html.fountain,crawl/sci-fi/sugar-html.fountain
37fcbf040b45a54f,the-adventures-of-ford-fairlane-ford-fairlane.fountain,crawl/crime/the-adventures-of-ford-fairlane-ford-fairlane.fountain
37fcbf040b45a54f,the-adventures-of-ford-fairlane-ford-fairlane.fountain,crawl/sci-fi/the-adventures-of-ford-fairlane-ford-fairlane.fountain
47edeb637704fb25,the-man-who-wasn-t-there.fountain,crawl/adventure/the-man-who-wasn-t-there.fountain
2454702eb473130e,titanic.fountain,crawl/horror/titanic.fountain
2454702eb473130e,titanic.fountain,crawl/sci-fi/titanic.fountain
6cb4617e4a47681b,two-for-the-money-html.fountain,crawl/horror/two-for-the-money-html.fountain
6cb4617e4a47681b,two-for-the-money-html.fountain,crawl/sci-fi/two-for-the-money-html.fountain
afb5cf05c9ca26a0,kung-fu-panda-html.fountain,crawl/horror/kung-fu-panda-html.fountain
afb5cf05c9ca26a0,kung-fu-panda-html.fountain,crawl/sci-fi/kung-fu-panda-html.fountain
2f67eadf5c0ad70c,a-walk-to-remember.fountain,crawl/crime/a-walk-to-remember.fountain
2f67eadf5c0ad70c,a-walk-to-remember.fountain,crawl/sci-fi/a-walk-to-remember.fountain
0209e6784c104d9d,beloved-html.fountain,crawl/horror/beloved-html.fountain
0209e6784c104d9d,beloved-html.fountain,crawl/sci-fi/beloved-html.fountain
2abad23f01977cf7,beloved.fountain,crawl/horror/beloved.fountain
b213039538ec45d7,ghost-world.fountain,crawl/horror/ghost-world.fountain
4095644693087998,good-will-hunting-html.fountain,crawl/horror/good-will-hunting-html.fountain
4095644693087998,good-will-hunting-html.fountain,crawl/sci-fi/good-will-hunting-html.fountain
624b28c061c0040e,monkeybone.fountain,crawl/horror/monkeybone.fountain
4b8178922cf89375,South_Park_The_Movie.fountain.txt,crawl/comedy/south-park-bigger-longer-uncut.fountain
e3d47018a4dc3b1e,the-ghost-and-the-darkness.fountain,crawl/fantasy/the-ghost-and-the-darkness.fountain
d1b60aeed20eb141,the-shawshank-redemption.fountain,crawl/crime/the-shawshank-redemption.fountain
4efe060689d16e08,the-woodsman.fountain,crawl/crime/the-woodsman.fountain
8ba44f99999b223a,timber-falls-html.fountain,crawl/horror/timber-falls-html.fountain
8ba44f99999b223a,timber-falls-html.fountain,crawl/sci-fi/timber-falls-html.fountain
b94111d89996fadb,twin-peaks-fire-walk-with-me.fountain,crawl/crime/twin-peaks-fire-walk-with-me.fountain
f98c4c6f69a9dfd2,12-monkeys.fountain,crawl/sci-fi/12-monkeys.fountain
49375e6d6d802eac,basic.fountain,crawl/war/basic.fountain
df0a7a78271c2c40,batman-forever.fountain,crawl/fantasy/batman-forever.fountain
df0a7a78271c2c40,batman-forever.fountain,crawl/sci-fi/batman-forever.fountain
aa956eaf78aecfe7,conspiracy-theory.fountain,crawl/thriller/conspiracy-theory.fountain
656c2dd173d4d5df,croupier-html.fountain,crawl/horror/croupier-html.fountain
656c2dd173d4d5df,croupier-html.fountain,crawl/sci-fi/croupier-html.fountain
38a22114b67db45c,deep-cover.fountain,crawl/horror/deep-cover.fountain
9c807a629d90ff80,fracture-html.fountain,crawl/horror/fracture-html.fountain
9c807a629d90ff80,fracture-html.fountain,crawl/sci-fi/fracture-html.fountain
10f0977dbea4bf2b,friday-the-13th-part-10-jason-x.fountain,crawl/horror/friday-the-13th-part-10-jason-x.fountain
10f0977dbea4bf2b,friday-the-13th-part-10-jason-x.fountain,crawl/sci-fi/friday-the-13th-part-10-jason-x.fountain
b294ac7cf950a636,from-dusk-till-dawn.fountain,crawl/fantasy/from-dusk-till-dawn.fountain
b294ac7cf950a636,from-dusk-till-dawn.fountain,crawl/horror/from-dusk-till-dawn.fountain
b1118fce455f2bec,godfather-html.fountain,crawl/horror/godfather-html.fountain
b1118fce455f2bec,godfather-html.fountain,crawl/sci-fi/godfather-html.fountain
9fbd59adcef1da5a,gothika-html.fountain,crawl/horror/gothika-html.fountain
9fbd59adcef1da5a,gothika-html.fountain,crawl/sci-fi/gothika-html.fountain
56d937ee6074e7e5,grabbers-html.fountain,crawl/horror/grabbers-html.fountain
56d937ee6074e7e5,grabbers-html.fountain,crawl/sci-fi/grabbers-html.fountain
c73bc919bfbf0edf,hotel-rwanda.fountain,crawl/war/hotel-rwanda.fountain
8ecc7011a2d3b8e2,interview-with-the-vampire.fountain,crawl/fantasy/interview-with-the-vampire.fountain
8ecc7011a2d3b8e2,interview-with-the-vampire.fountain,crawl/horror/interview-with-the-vampire.fountain
50c45b19435656fc,invictus-html.fountain,crawl/horror/invictus-html.fountain
50c45b19435656fc,invictus-html.fountain,crawl/sci-fi/invictus-html.fountain
5f4bb543c45860be,jason-x.fountain,crawl/horror/jason-x.fountain
5f4bb543c45860be,jason-x.fountain,crawl/war/jason-x.fountain
5a767f43628cad96,jfk.fountain,crawl/sci-fi/jfk.fountain
5a767f43628cad96,jfk.fountain,crawl/war/jfk.fountain
82e335bf02eb4f38,john-wick-html.fountain,crawl/horror/john-wick-html.fountain
82e335bf02eb4f38,john-wick-html.fountain,crawl/sci-fi/john-wick-html.fountain
29cd07270f561ad1,limitless-html.fountain,crawl/horror/limitless-html.fountain
29cd07270f561ad1,limitless-html.fountain,crawl/sci-fi/limitless-html.fountain
2271ead31e606a39,lord-of-illusions.fountain,crawl/fantasy/lord-of-illusions.fountain
2271ead31e606a39,lord-of-illusions.fountain,crawl/horror/lord-of-illusions.fountain
ad98097498fe923f,man-on-fire-pdf.fountain,crawl/war/man-on-fire-pdf.fountain
9d1bc0701cbc75e3,man-on-fire.fountain,crawl/war/man-on-fire.fountain
4398a83aaab3f4cd,matrix-the-html.fountain,crawl/horror/matrix-the-html.fountain
4398a83aaab3f4cd,matrix-the-html.fountain,crawl/sci-fi/matrix-the-html.fountain
7da17bbfc19cb92c,miami-vice.fountain,crawl/sci-fi/miami-vice.fountain
9ce853f35b9ce426,mimic-html.fountain,crawl/horror/mimic-html.fountain
9ce853f35b9ce426,mimic-html.fountain,crawl/sci-fi/mimic-html.fountain
1a3f415068fe4941,pi-html.fountain,crawl/horror/pi-html.fountain
1a3f415068fe4941,pi-html.fountain,crawl/sci-fi/pi-html.fountain
5cc7e5406414bceb,pulp-fiction-html.fountain,crawl/horror/pulp-fiction-html.fountain
5cc7e5406414bceb,pulp-fiction-html.fountain,crawl/sci-fi/pulp-fiction-html.fountain
6a1689364c098c01,Pulp_Fiction.fountain.txt,crawl/crime/pulp-fiction.fountain
552268fe1b4acaf4,scream-3.fountain,crawl/horror/scream-3.fountain
383537b77bc19ecf,scream.fountain,crawl/horror/scream.fountain
5c1c815a3ac526e8,se7en-html.fountain,crawl/horror/se7en-html.fountain
5c1c815a3ac526e8,se7en-html.fountain,crawl/sci-fi/se7en-html.fountain
fe86147eb9ed1ad7,serial-mom.fountain,crawl/horror/serial-mom.fountain
d112f446ddca6bba,sixth-sense-the-html.fountain,crawl/horror/sixth-sense-the-html.fountain
d112f446ddca6bba,sixth-sense-the-html.fountain,crawl/sci-fi/sixth-sense-the-html.fountain
87b4feb04373c9ee,sugar-and-spice.fountain,crawl/horror/sugar-and-spice.fountain
eb49b5a823d13cfc,the-cell.fountain,crawl/fantasy/the-cell.fountain
eb49b5a823d13cfc,the-cell.fountain,crawl/horror/the-cell.fountain
6db6ec75e87918c6,the-corruptor.fountain,crawl/fantasy/the-corruptor.fountain
6db6ec75e87918c6,the-corruptor.fountain,crawl/horror/the-corruptor.fountain
13d9aaeb2f289597,the-crowded-room.fountain,crawl/horror/the-crowded-room.fountain
52f5942170a5c61b,the-jacket.fountain,crawl/sci-fi/the-jacket.fountain
52f5942170a5c61b,the-jacket.fountain,crawl/war/the-jacket.fountain
dbb51e26b011228a,the-mummy-1999.fountain,crawl/fantasy/the-mummy-1999.fountain
dbb51e26b011228a,the-mummy-1999.fountain,crawl/horror/the-mummy-1999.fountain
25426d87e1607010,the-saint.fountain,crawl/fantasy/the-saint.fountain
25426d87e1607010,the-saint.fountain,crawl/sci-fi/the-saint.fountain
f6c98296aa38b191,thelma-louise.fountain,crawl/crime/thelma-louise.fountain
721fb490232614ea,thunderheart.fountain,crawl/romance/thunderheart.fountain
291a875931835e3b,training-day.fountain,crawl/sci-fi/training-day.fountain
93b3176d30c53a8d,wild-at-heart.fountain,crawl/romance/wild-at-heart.fountain
93b3176d30c53a8d,wild-at-heart.fountain,crawl/sci-fi/wild-at-heart.fountain
3ec329dd1c020419,the-pianist.fountain,crawl/drama/the-pianist.fountain
f9a2531394ec78b5,american-pie.fountain,crawl/sci-fi/american-pie.fountain
e13074933750cb76,american-psycho.fountain,crawl/romance/american-psycho.fountain
f1bafaf15225f46b,batman-returns.fountain,crawl/horror/batman-returns.fountain
f1bafaf15225f46b,batman-returns.fountain,crawl/sci-fi/batman-returns.fountain
ed681066da7ecfd5,being-john-malkovich.fountain,crawl/sci-fi/being-john-malkovich.fountain
e73aadd46f4bc1b5,braveheart.fountain,crawl/romance/braveheart.fountain
e73aadd46f4bc1b5,braveheart.fountain,crawl/war/braveheart.fountain
e2e7afb89b271769,how-to-train-your-dragon-html.fountain,crawl/horror/how-to-train-your-dragon-html.fountain
e2e7afb89b271769,how-to-train-your-dragon-html.fountain,crawl/sci-fi/how-to-train-your-dragon-html.fountain
228831be6860e852,pleasantville-html.fountain,crawl/horror/pleasantville-html.fountain
228831be6860e852,pleasantville-html.fountain,crawl/sci-fi/pleasantville-html.fountain
93890ace3f73ad0a,rko-281.fountain,crawl/horror/rko-281.fountain
99beedc12922c43a,stepmom.fountain,crawl/romance/stepmom.fountain
c4a8a1c465bcd814,twilight-html.fountain,crawl/horror/twilight-html.fountain
c4a8a1c465bcd814,twilight-html.fountain,crawl/sci-fi/twilight-html.fountain
780ae7aa2a07bb2c,you-ve-got-mail.fountain,crawl/sci-fi/you-ve-got-mail.fountain
cc84e6494ab01f28,ali-html.fountain,crawl/sci-fi/ali-html.fountain
69bf70fb9053bc6e,blair-witch-ii.fountain,crawl/sci-fi/blair-witch-ii.fountain
856d3f2cfd37376f,blink-twice-html.fountain,crawl/sci-fi/blink-twice-html.fountain
dff2eb728b1fff0f,bones.fountain,crawl/sci-fi/bones.fountain
c43c003c0e09156b,brutalist-the-html.fountain,crawl/sci-fi/brutalist-the-html.fountain
11139f027a5d0806,house-of-1000-corpses.fountain,crawl/sci-fi/house-of-1000-corpses.fountain
55f891a2f9093fc0,inception-html.fountain,crawl/sci-fi/inception-html.fountain
2cf973242c14f91e,kafka.fountain,crawl/romance/kafka.fountain
0df4e66e44f3345e,knocked-up-html.fountain,crawl/sci-fi/knocked-up-html.fountain
69c053f159e2a150,meet-joe-black-html.fountain,crawl/sci-fi/meet-joe-black-html.fountain
bf0e3baef3b3ec8d,pandorum-html.fountain,crawl/sci-fi/pandorum-html.fountain
386e7b258f595c2c,resident-evil.fountain,crawl/war/resident-evil.fountain
2f6b52889c7a7dd7,signs-html.fountain,crawl/sci-fi/signs-html.fountain
e454de8d24962cab,spartan-html.fountain,crawl/sci-fi/spartan-html.fountain
c8b86c0b2ab0572a,star-wars-a-new-hope-html.fountain,crawl/sci-fi/star-wars-a-new-hope-html.fountain
c8b86c0b2ab0572a,star-wars-a-new-hope-html.fountain,crawl/war/star-wars-a-new-hope-html.fountain
7a1e3bfc055082bf,star-wars-the-empire-strikes-back-html.fountain,crawl/sci-fi/star-wars-the-empire-strikes-back-html.fountain
7a1e3bfc055082bf,star-wars-the-empire-strikes-back-html.fountain,crawl/war/star-wars-the-empire-strikes-back-html.fountain
5eaca8d181a017e1,syriana-html.fountain,crawl/sci-fi/syriana-html.fountain
5eaca8d181a017e1,syriana-html.fountain,crawl/war/syriana-html.fountain
758cfb8032eb6f7b,the-doors.fountain,crawl/war/the-doors.fountain
ca250f7be7b5f1fd,the-nightmare-before-christmas.fountain,crawl/mystery/the-nightmare-before-christmas.fountain
e98a9f5eb901dce6,true-romance-html.fountain,crawl/romance/true-romance-html.fountain
e98a9f5eb901dce6,true-romance-html.fountain,crawl/sci-fi/true-romance-html.fountain
c049475539894ea9,zerophilia-html.fountain,crawl/sci-fi/zerophilia-html.fountain
6a214e3506976f8d,something-borrowed-filmed-as-the-wedding-date.fountain,crawl/sci-fi/something-borrowed-filmed-as-the-wedding-date.fountain
68149d2131a50684,space-cowboys-pdf.fountain,crawl/western/space-cowboys-pdf.fountain
