file,protagonist,legacyReversals,detectedReversals,reversalDisagree,d1Disagree,d2Disagree,qlDeduction
crawl/action/the-avengers.fountain,EMMA,0,0,false,false,false,1.2745098039215685
crawl/sci-fi/the-replacements-pdf.fountain,SHANE,0,0,false,false,false,0
crawl/sci-fi/land-of-mine-pdf.fountain,CARL,0,0,false,false,false,0
crawl/comedy/the-shawshank-redemption.fountain,RED,0,0,false,false,false,0
crawl/horror/simone.fountain,VIKTOR,0,0,false,false,false,0
crawl/drama/kate-and-leopold.fountain,KATE,0,0,false,false,false,0
Despicable_Me.fountain.txt,GRU,0,0,false,false,false,0
teenage-mutant-ninja-turtles-mutant-mayhem-2023.fountain,LEONARDO,0,0,false,false,false,0
crawl/crime/the-sweet-hereafter.fountain,MITCHELL,0,0,false,false,false,0
crawl/adventure/ocean-s-eleven-pdf.fountain,DANNY,0,0,false,false,false,0
crawl/action/unbreakable.fountain,DAVID,0,0,false,false,false,0
crawl/action/below.fountain,ODELL,0,0,false,false,false,0
crawl/action/jerry-maguire.fountain,JERRY,0,0,false,false,false,0
crawl/horror/spartan-html.fountain,SCOTT,0,0,false,false,false,0.22727272727272707
crawl/crime/hotel-rwanda.fountain,PAUL,0,0,false,false,false,0
crawl/crime/from-dusk-till-dawn.fountain,SETH,0,0,false,false,false,0
crawl/comedy/boy-who-never-slept.fountain,DANIEL,0,0,false,false,false,0
crawl/crime/mimic-html.fountain,SUSAN,0,0,false,false,false,0
crawl/fantasy/the-game.fountain,NICHOLAS,0,1,true,false,false,0
crawl/sci-fi/sweet-november-pdf.fountain,NELSON,0,0,false,false,false,0
Coraline.fountain.txt,CORALINE,0,0,false,false,false,0
crawl/sci-fi/death-to-smoochy-pdf.fountain,SHELDON,0,0,false,false,false,0
crawl/sci-fi/bonfire-of-the-vanities-pdf.fountain,SHERMAN,0,0,false,false,false,0
crawl/adventure/almost-famous.fountain,WILLIAM,0,0,false,false,false,0
crawl/action/storytelling.fountain,TOBY,0,0,false,false,false,2.727272727272727
crawl/action/fight-club.fountain,JACK,0,0,false,false,false,0
crawl/action/blade-ii.fountain,BLADE,0,0,false,false,false,0
crawl/sci-fi/this-boy-s-life-pdf.fountain,TOBY,0,0,false,false,false,0
crawl/action/star-trek-07-generations.fountain,PICARD,0,0,false,false,false,0
crawl/drama/what-about-bob.fountain,BOB,0,0,false,false,false,0
crawl/horror/buffy-the-vampire-slayer.fountain,BUFFY,0,0,false,false,false,0
crawl/horror/my-mother-dreams-the-satan-s-disciples-in-new-york.fountain,MARIAN,0,0,false,false,false,0.8333333333333337
crawl/crime/bound.fountain,VIOLET,0,0,false,false,false,0
crawl/action/virtuosity.fountain,PARKER,0,0,false,false,false,0
crawl/fantasy/pleasantville.fountain,DAVID,0,0,false,false,false,0
crawl/sci-fi/the-reader-pdf.fountain,MICHAEL,0,0,false,false,false,0
crawl/crime/john-wick-html.fountain,JOHN,0,0,false,false,false,2.441860465116279
crawl/action/fargo.fountain,MARGE,0,0,false,false,false,0
crawl/sci-fi/any-given-sunday-pdf.fountain,TONY,0,0,false,false,false,0
Jaws.fountain.txt,BRODY,0,0,false,false,false,0
crawl/sci-fi/stuart-little-2-pdf.fountain,STUART,0,0,false,false,false,0
crawl/sci-fi/the-fault-in-our-stars-pdf.fountain,HAZEL,0,0,false,false,false,0
crawl/sci-fi/collateral-damage-pdf.fountain,GORDY,0,0,false,false,false,0
crawl/action/hanna-html.fountain,HANNA,0,0,false,false,false,0
crawl/action/i-am-sam.fountain,SAM,0,1,true,false,false,0
crawl/sci-fi/matchstick-men-pdf.fountain,ROY,0,0,false,false,false,0.28000000000000025
crawl/crime/sling-blade.fountain,KARL,0,0,false,false,false,0
crawl/fantasy/sexual-life.fountain,SARAH,0,0,false,false,false,0
crawl/sci-fi/last-flag-flying-pdf.fountain,SAL,0,1,true,false,false,0
over-the-moon-2020.fountain,FEI FEI,0,1,true,false,false,0
crawl/sci-fi/hannibal.fountain,STARLING,0,0,false,false,false,0
crawl/sci-fi/memphis-belle-pdf.fountain,DENNIS,0,0,false,false,false,0
darkymind-html.fountain,MASTER MIND,2,1,true,false,false,0
crawl/sci-fi/the-american-president.fountain,SHEPHERD,0,0,false,false,false,0
crawl/crime/face-off.fountain,ARCHER,1,0,true,false,false,0.20000000000000018
anastasia-matched.fountain,ANYA,0,0,false,false,false,0
crawl/sci-fi/the-help-pdf.fountain,SKEETER,0,0,false,false,false,0
Antz.fountain.txt,Z,0,0,false,false,false,0
crawl/sci-fi/changeling-pdf.fountain,CHRISTINE,0,0,false,false,false,0
crawl/fantasy/pleasantville-html.fountain,DAVID,0,0,false,false,false,0
crawl/sci-fi/disturbia-pdf.fountain,KALE,0,0,false,false,false,0
crawl/action/mimic.fountain,SUSAN,0,0,false,false,false,0
crawl/action/birthday-girl.fountain,JOHN,1,0,true,false,false,0
crawl/crime/panther.fountain,JUDGE,0,0,false,false,false,0
Up.fountain.txt,CARL,0,0,false,false,false,0
crawl/sci-fi/the-kingdom-pdf.fountain,RONALD FLEURY,0,0,false,false,false,0
crawl/action/life-as-a-house.fountain,GEORGE,0,0,false,false,false,0
crawl/action/made.fountain,BOBBY,0,0,false,false,false,0
crawl/sci-fi/somewhere-pdf.fountain,JOHNNY,0,0,false,true,false,2.272727272727273
crawl/sci-fi/12-and-holding-pdf.fountain,JACOB,0,0,false,false,false,0.9701492537313428
crawl/action/halloween-6-the-curse-of-michael-myers-halloween-666-the-ori.fountain,KARA,0,0,false,false,false,0
crawl/action/the-battle-of-shaker-heights.fountain,KELLY,0,0,false,false,false,0.4205607476635509
crawl/fantasy/american-beauty.fountain,LESTER,0,0,false,false,false,0
crawl/action/life.fountain,RAY,0,0,false,false,false,0
crawl/sci-fi/room-pdf.fountain,MA,0,0,false,false,false,0
crawl/sci-fi/macgruber-pdf.fountain,MACGRUBER,0,0,false,false,false,0
crawl/comedy/funny-people-pdf.fountain,GEORGE,0,0,false,false,false,0
crawl/action/the-crow-salvation.fountain,ALEX,0,0,false,false,false,0
crawl/sci-fi/if-beale-street-could-talk-pdf.fountain,TISH,0,0,false,false,false,0
the-red-turtle-2016.fountain,THE RED TURTLE,0,0,false,false,false,0
crawl/sci-fi/donnie-darko-pdf.fountain,DONNIE,0,0,false,false,false,0
crawl/sci-fi/far-from-the-maddening-crowd-pdf.fountain,BATHSHEBA,0,0,false,false,false,0
crawl/sci-fi/out-of-time-pdf.fountain,MARTY,0,0,false,false,false,0
crawl/action/backdraft-html.fountain,BRIAN,0,1,true,false,false,0
raya-and-the-last-dragon-2021.fountain,RAYA,0,0,false,false,false,0
crawl/sci-fi/save-the-last-dance-pdf.fountain,SARA,0,0,false,false,false,0
crawl/horror/slash-pdf.fountain,SUZIE,0,0,false,false,false,0.9259259259259256
crawl/sci-fi/adaptation-pdf.fountain,KAUFMAN,0,0,false,false,false,0
crawl/sci-fi/rocknrolla-pdf.fountain,ONE TWO,0,0,false,false,false,0
crawl/sci-fi/okja-pdf.fountain,LUCY,0,0,false,false,false,0
crawl/sci-fi/at-first-sight.fountain,VIRGIL,0,0,false,false,false,0
crawl/sci-fi/defiance-pdf.fountain,TUVIA,0,0,false,false,false,0
crawl/sci-fi/man-trouble-pdf.fountain,JOAN,0,0,false,false,false,0
crawl/action/the-fisher-king.fountain,JACK,0,0,false,false,false,0
crawl/fantasy/bad-santa.fountain,WILLIE,1,0,true,false,false,0
crawl/adventure/forrest-gump.fountain,FORREST,0,0,false,false,false,0
crawl/fantasy/election.fountain,JIM,0,0,false,false,false,0
crawl/fantasy/how-to-train-your-dragon-html.fountain,HICCUP,0,0,false,false,false,0
crawl/horror/the-nightmare-before-christmas.fountain,JACK,0,0,false,false,false,0.8823529411764708
crawl/action/the-family-man.fountain,JACK,0,0,false,false,false,0
crawl/action/15-minutes.fountain,JORDY,0,0,false,false,false,0
crawl/action/chasing-amy.fountain,HOLDEN,0,0,false,false,false,0
crawl/sci-fi/hard-rain.fountain,TOM,0,0,false,false,false,0
crawl/crime/memento.fountain,LEONARD,0,0,false,false,false,0
crawl/sci-fi/crank-pdf.fountain,CHEV,0,0,false,false,false,0
room-12.fountain,NORA,0,0,false,false,false,0
crawl/sci-fi/analyse-that-pdf.fountain,BEN,0,0,false,false,false,0
crawl/action/hellboy.fountain,HELLBOY,0,0,false,false,false,0
crawl/action/new-nightmare.fountain,HEATHER,0,0,false,false,false,0
crawl/sci-fi/foundation-pdf.fountain,BAYTA,0,0,false,false,false,0
crawl/crime/bodies-rest-motion.fountain,NICK,0,0,false,false,false,0
crawl/action/detroit-rock-city.fountain,HAWK,0,0,false,false,false,0
crawl/sci-fi/a-walk-to-remember-pdf.fountain,LANDON,0,0,false,false,false,0
crawl/horror/ghost-ship.fountain,MURPHY,0,0,false,false,false,0
crawl/drama/cobb-pdf.fountain,COBB,0,0,false,false,false,0
crawl/fantasy/the-queen-pdf.fountain,ELIZABETH,0,0,false,false,false,0
crawl/drama/sling-blade.fountain,KARL,0,0,false,false,false,0
crawl/crime/minority-report.fountain,ANDERTON,0,0,false,false,false,0
crawl/war/warm-springs.fountain,FRANKLIN,0,0,false,false,false,0
the-lion-king-1994.fountain.txt,SIMBA,0,0,false,false,false,0
crawl/drama/the-man-who-wasn-t-there.fountain,ED,0,0,false,false,false,0
crawl/action/toy-story.fountain,WOODY,0,0,false,false,false,1.4406779661016944
Who Framed Roger Rabbit.fountain.txt,VALIANT,1,0,true,false,false,0
crawl/action/austin-powers-2-the-spy-who-shagged-me.fountain,AUSTIN,0,0,false,false,false,0
crawl/crime/invictus-html.fountain,MANDELA,1,0,true,false,false,0.2631578947368418
crawl/sci-fi/gattaca.fountain,JEROME,0,0,false,false,false,0
crawl/sci-fi/the-pacifier-pdf.fountain,SHANE,0,0,false,false,false,0
crawl/sci-fi/absolute-power-pdf.fountain,LUTHER,0,0,false,false,false,0
crawl/action/mission-impossible.fountain,ETHAN,0,0,false,false,false,0
crawl/crime/king-kong-pdf.fountain,DENHAM,0,0,false,false,false,0
crawl/action/quills.fountain,COULMIER,0,0,false,false,false,0
crawl/sci-fi/hard-to-kill-pdf.fountain,STORM,0,0,false,false,false,0
crawl/adventure/signs.fountain,GRAHAM,0,0,false,false,false,0
crawl/sci-fi/ftkmf-first-they-killed-my-father-pdf.fountain,LOUNG,0,0,false,false,false,5.909090909090908
crawl/action/the-butterfly-effect.fountain,EVAN,0,0,false,false,false,0
crawl/crime/magnolia.fountain,JIM KURRING,0,0,false,false,false,0
crawl/horror/signs-html.fountain,GRAHAM,0,0,false,false,false,0
crawl/sci-fi/while-we-re-young-pdf.fountain,JOSH,0,0,false,false,false,0
Shrek_The_Third.fountain.txt,SHREK,0,1,true,false,false,0
crawl/action/the-rules-of-attraction-pdf.fountain,SEAN,0,0,false,false,false,0
crawl/drama/schindler-s-list.fountain,SCHINDLER,0,0,false,false,false,0
crawl/sci-fi/spanglish-pdf.fountain,JOHN,0,0,false,false,false,0
crawl/sci-fi/wreck-it-ralph-pdf.fountain,RALPH,0,0,false,false,false,0
crawl/fantasy/four-rooms.fountain,TED,0,0,false,false,false,0
crawl/action/independence-day.fountain,DAVID,0,0,false,false,false,0
crawl/action/nixon.fountain,NIXON,0,0,false,false,false,0
crawl/crime/godfather-html.fountain,MICHAEL,0,0,false,false,false,0
crawl/fantasy/stepmom.fountain,JACKIE,0,0,false,false,false,0
crawl/crime/jfk.fountain,JIM,0,0,false,false,false,0
crawl/action/hannibal.fountain,STARLING,0,0,false,false,false,0
crawl/sci-fi/the-greatest-muppet-movie-of-all-time-filmed-as-the-muppets-.fountain,KERMIT,0,0,false,false,false,0
crawl/action/resident-evil-romero-unproduced.fountain,WESKER,0,0,false,false,false,0
crawl/adventure/big-fish.fountain,EDWARD,0,0,false,false,false,0.1851851851851849
crawl/action/3-kings.fountain,ARCHIE GATES,0,0,false,false,false,0
crawl/action/living-in-oblivion.fountain,NICK,0,0,false,false,false,0
crawl/sci-fi/the-last-boy-scout-pdf.fountain,HALLENBECK,0,0,false,false,false,0
toy-story-4-2019.fountain,WOODY,0,0,false,false,false,0
crawl/fantasy/ali-html.fountain,ALI,0,0,false,false,false,0
crawl/sci-fi/the-red-turtle-pdf.fountain,THE RED TURTLE,0,0,false,false,false,0
crawl/action/true-romance.fountain,CLARENCE,0,0,false,false,false,0
crawl/crime/final-destination-2.fountain,KIMBERLY,0,0,false,false,false,0
crawl/sci-fi/the-hollars-pdf.fountain,JOHN,0,0,false,false,false,0
crawl/sci-fi/land-of-the-dead-pdf.fountain,RILEY,0,0,false,false,false,0
crawl/sci-fi/the-three-musketeers-pdf.fountain,D'ARTAGNAN,0,0,false,false,false,0
crawl/action/hostage.fountain,TALLEY,0,0,false,false,false,0
crawl/crime/confidence.fountain,JAKE,0,1,true,false,false,0
crawl/crime/x-men-pdf.fountain,LOGAN,0,0,false,false,false,0.09803921568627416
crawl/sci-fi/one-eight-seven-pdf.fountain,TREVOR,0,0,false,false,false,0
crawl/comedy/monkeybone.fountain,STU,0,0,false,false,false,0
brave-2012.fountain,(none),0,0,false,,,0
crawl/action/blade.fountain,BLADE,0,0,false,false,false,0
crawl/sci-fi/space-cowboys-pdf.fountain,FRANK,0,0,false,false,false,0
crawl/action/crank-html.fountain,CHEV,0,0,false,false,false,0
crawl/crime/serial-mom.fountain,MOM,0,0,false,false,false,0
crawl/horror/brutalist-the-html.fountain,LASZLO,0,0,false,false,false,0
crawl/sci-fi/vantage-point-pdf.fountain,BARNES,0,0,false,false,false,1.5116279069767447
crawl/crime/grosse-pointe-blank.fountain,MARTIN,0,0,false,false,false,0
crawl/action/henry-fool.fountain,HENRY,0,0,false,false,false,0
crawl/sci-fi/summer-of-84-pdf.fountain,DAVEY,0,0,false,false,false,0
crawl/horror/good-will-hunting.fountain,WILL,0,2,true,false,false,0
the-secret-life-of-pets-2016.fountain,MAX,0,0,false,false,false,0
crawl/crime/scream.fountain,SIDNEY,0,0,false,false,false,0
crawl/adventure/gods-and-monsters.fountain,WHALE,0,0,false,false,false,0
0meet-the-robinsons-full-screenplay.fountain,LEWIS,0,0,false,false,false,0
crawl/sci-fi/mississippi-grind-pdf.fountain,CURTIS,0,0,false,false,false,0
crawl/crime/miami-vice.fountain,CROCKETT,0,0,false,false,false,0
crawl/sci-fi/the-end-of-the-tour-pdf.fountain,DAVID,0,0,false,false,false,0.12195121951219523
crawl/action/intolerable-cruelty.fountain,MILES,0,0,false,false,false,0.3061224489795922
crawl/action/l-a-confidential.fountain,EXLEY,0,0,false,false,false,0
crawl/sci-fi/the-cooler.fountain,BERNIE,0,0,false,false,false,0
crawl/fantasy/the-big-lebowski.fountain,DUDE,0,0,false,false,false,0
crawl/fantasy/braveheart.fountain,WALLACE,0,0,false,false,false,0
crawl/action/the-insider.fountain,LOWELL,0,0,false,false,false,0
crawl/comedy/twin-peaks-fire-walk-with-me.fountain,LAURA,0,0,false,false,false,0
crawl/sci-fi/analyse-this-pdf.fountain,BEN,0,0,false,false,false,0
crawl/sci-fi/elizabeth-the-golden-age-pdf.fountain,ELIZABETH,0,0,false,false,false,1.6666666666666663
crawl/action/taking-sides.fountain,STEVE,0,0,false,false,false,0
crawl/crime/black-snake-moan.fountain,LAZARUS,0,0,false,false,false,0
crawl/drama/station-pdf.fountain,DYSON,0,0,false,false,false,0
crawl/crime/erin-brockovich.fountain,ERIN,0,0,false,false,false,0
crawl/sci-fi/ides-of-march-pdf.fountain,STEPHEN,0,0,false,false,false,0
crawl/crime/fatal-instinct.fountain,NED,0,0,false,false,false,0.2500000000000002
mulan-1998.fountain,MULAN,0,0,false,false,false,0
crawl/sci-fi/legally-blonde-pdf.fountain,ELLE,0,0,false,false,false,0
crawl/action/traffic.fountain,ROBERT,0,0,false,false,false,0
crawl/sci-fi/tin-cup-pdf.fountain,TIN CUP,0,0,false,false,false,0
crawl/crime/pulp-fiction-html.fountain,VINCENT,0,0,false,false,false,0
crawl/action/cliffhanger.fountain,GABE,0,0,false,false,false,0
crawl/action/o-brother-where-art-thou.fountain,EVERETT,0,0,false,false,false,0
crawl/horror/blair-witch-ii.fountain,COTTER,0,0,false,false,false,0
crawl/action/feast-revised-draft.fountain,HEROINE,0,0,false,false,false,0
crawl/action/hudson-hawk.fountain,HAWK,0,0,false,false,false,0
crawl/action/the-patriot.fountain,MARTIN,0,0,false,false,false,0
crawl/horror/531.fountain,PREGNANT WOMAN,0,0,false,false,false,1.4864864864864868
crawl/horror/ed-wood.fountain,ED,0,0,false,false,false,0
luca-2021.fountain,LUCA,0,0,false,false,false,0
crawl/crime/unbreakable.fountain,DAVID,0,0,false,false,false,0
9_2009.fountain.txt,T,0,0,false,false,false,5
crawl/crime/interview-with-the-vampire.fountain,LOUIS,0,0,false,false,false,0
crawl/sci-fi/the-bourne-supremacy-pdf.fountain,BOURNE,0,0,false,false,false,0
crawl/sci-fi/lethal-weapon-4-pdf.fountain,RIGGS,0,0,false,false,false,0
crawl/adventure/ocean-s-twelve-pdf.fountain,RUSTY,0,0,false,false,false,0
crawl/crime/nurse-betty.fountain,BETTY,0,0,false,false,false,0
crawl/horror/13-ghosts-pdf.fountain,ARTHUR,0,0,false,false,false,0.4166666666666663
crawl/sci-fi/the-island-of-dr-moreau-pdf.fountain,PRENDICK,0,0,false,false,false,0
crawl/action/batman-2-unproduced.fountain,BRUCE,0,0,false,false,false,0
beavis-and-butt-head-do-america-matched.fountain,BUTT-HEAD,0,0,false,false,false,0
crawl/sci-fi/new-york-minute-pdf.fountain,DREW,0,0,false,false,false,0
crawl/crime/the-shipping-news.fountain,QUOYLE,0,0,false,false,false,0
crawl/drama/get-him-to-the-greek-pdf.fountain,AARON,0,0,false,false,false,0
coco-matched.fountain,MIGUEL,0,0,false,false,false,0
crawl/action/blade-trinity.fountain,KING,0,0,false,false,false,0.8620689655172409
crawl/action/smokin-aces.fountain,MESSNER,0,0,false,false,false,0
crawl/action/x-men.fountain,LOGAN,0,0,false,false,false,0
crawl/sci-fi/the-comedian-pdf.fountain,JACKIE,0,0,false,false,false,0
crawl/sci-fi/jackie-pdf.fountain,JACKIE,0,0,false,false,false,0.5813953488372092
crawl/crime/body-of-evidence.fountain,DULANEY,0,0,false,false,false,0
crawl/sci-fi/the-hurt-locker-pdf.fountain,JAMES,0,0,false,false,false,0
crawl/action/surrogates-html.fountain,GREER,0,0,false,false,false,0
crawl/sci-fi/queen-of-the-damned-pdf.fountain,LESTAT,0,0,false,false,false,1.4864864864864868
crawl/action/metro.fountain,ROPER,0,0,false,false,false,0
Croods_The.fountain.txt,GRUG,0,0,false,false,false,0
crawl/animation/kung-fu-panda-html.fountain,PO,0,0,false,false,false,0
South_Park_The_Movie.fountain.txt,KYLE,0,0,false,false,false,0
crawl/drama/thelma-louise.fountain,THELMA,0,0,false,false,false,0
crawl/crime/gang-related.fountain,DIVINCI,0,0,false,false,false,0
crawl/comedy/the-blast-from-the-past.fountain,ADAM,0,0,false,false,false,0
crawl/crime/croupier.fountain,JACK,0,0,false,false,false,0
crawl/adventure/two-for-the-money-html.fountain,BRANDON,0,0,false,false,false,0
crawl/sci-fi/out-of-sight-pdf.fountain,FOLEY,0,0,false,false,false,0
crawl/comedy/bruce-almighty.fountain,BRUCE,0,0,false,false,false,0
crawl/action/the-assignment.fountain,RAMIREZ,0,0,false,false,false,0
crawl/sci-fi/maverick-pdf.fountain,MAVERICK,0,0,false,false,false,0
crawl/sci-fi/equity-pdf.fountain,NAOMI,0,0,false,false,false,0
crawl/sci-fi/slow-west-pdf.fountain,JAY,0,0,false,false,false,0
crawl/action/the-bourne-identity.fountain,BOURNE,0,0,false,false,false,0.5882352941176472
crawl/crime/the-sixth-sense.fountain,MALCOLM,0,0,false,false,false,0
crawl/action/pearl-harbor-html.fountain,RAFE,0,0,false,false,false,0
Looney_Tunes_Back_In_Action.fountain.txt,DJ,0,0,false,false,false,0
crawl/horror/freddy-s-dead-the-final-nightmare.fountain,JACOB,0,0,false,false,false,0
sing-2016.fountain,BUSTER,0,1,true,false,false,0
crawl/crime/8-millimeter.fountain,WELLES,0,0,false,false,false,0
crawl/sci-fi/the-manchurian-candidate-pdf.fountain,MARCO,0,0,false,false,false,0
crawl/horror/possession-pdf.fountain,ROLAND,0,0,false,false,false,0.4166666666666663
crawl/action/spider-man.fountain,PETER,0,0,false,false,false,0
crawl/action/the-majestic.fountain,PETE,0,0,false,false,false,0
boxtrolls-the-matched.fountain,EGGS,0,0,false,false,false,0
crawl/sci-fi/kill-your-darlings-pdf.fountain,ALLEN,0,0,false,false,false,0
crawl/sci-fi/the-diving-bell-and-the-butterfly-le-scaphandre-et-le-papill.fountain,JEAN-DO'S VOICE,0,0,false,false,false,0
crawl/horror/ali-html.fountain,ALI,0,0,false,false,false,0
crawl/sci-fi/the-bourne-ultimatum-pdf.fountain,VOSEN,0,0,false,false,false,0.10638297872340385
crawl/fantasy/american-pie.fountain,KEVIN,0,0,false,false,false,0
crawl/fantasy/out-of-sight.fountain,FOLEY,0,0,false,false,false,0
isle-of-dogs-2018.fountain,CHIEF,0,0,false,false,false,0.357142857142857
crawl/sci-fi/el-cantante-pdf.fountain,HECTOR,0,0,false,false,false,0
crawl/action/the-believer.fountain,DANNY,0,0,false,false,false,0
crawl/fantasy/very-bad-things.fountain,FISHER,0,0,false,false,false,0
crawl/comedy/return-to-me.fountain,BOB,0,0,false,false,false,0
crawl/horror/knocked-up-html.fountain,BEN,0,0,false,false,false,0
crawl/sci-fi/collateral-pdf.fountain,VINCENT,0,0,false,false,false,0
how-to-train-your-dragon-the-hidden-world-2019.fountain,HICCUP,0,0,false,false,false,0
crawl/crime/fracture-html.fountain,WILLY,0,0,false,false,false,0
crawl/sci-fi/birth-of-a-nation-pdf.fountain,NAT,0,0,false,false,false,0.9999999999999998
crawl/action/ticker.fountain,REILLY,0,0,false,false,false,0
Anastasia.fountain.txt,ANYA,0,0,false,false,false,0
crawl/action/terminator-2-judgement-day-html.fountain,JOHN,0,0,false,false,false,0
crawl/sci-fi/cradle-to-the-grave-pdf.fountain,FAIT,1,0,true,false,false,0
off-season.fountain,GRETA,0,0,false,false,false,0
crawl/action/saving-private-ryan.fountain,MILLER,0,0,false,false,false,0
crawl/horror/monster-s-ball-pdf.fountain,HANK,0,0,false,false,false,0
crawl/sci-fi/catwoman-pdf.fountain,PATIENCE,0,0,false,false,false,0
crawl/action/the-bijou.fountain,PETE,0,0,false,false,false,0
crawl/crime/pi.fountain,MAX,0,0,false,false,false,2.5
crawl/sci-fi/halloween-resurrection-pdf.fountain,SARA,0,0,false,false,false,0
crawl/action/the-salton-sea.fountain,DANNY,0,0,false,false,false,0
crawl/adventure/feast-early-draft.fountain,HEROINE,0,0,false,false,false,0
inside-out-2015.fountain,JOY,0,1,true,false,false,0
kubo-and-the-two-strings-2016.fountain,KUBO,0,0,false,false,false,0
crawl/sci-fi/executive-decision-pdf.fountain,GRANT,0,0,false,false,false,0
crawl/sci-fi/duchess-pdf.fountain,GEORGIANA,0,0,false,false,false,0
crawl/crime/limitless-html.fountain,EDDIE,0,0,false,false,false,0
crawl/crime/untraceable-pdf.fountain,MARSH,0,0,false,false,false,0
crawl/sci-fi/zootopia-pdf.fountain,HOPPS,0,0,false,false,false,0
crawl/action/legionnaire.fountain,ALAIN,0,0,false,false,false,0
crawl/comedy/the-hudsucker-proxy.fountain,NORVILLE,0,0,false,false,false,0
crawl/sci-fi/the-lost-city-of-z-pdf.fountain,PERCY FAWCETT,0,0,false,false,false,0
crawl/action/snatch-pdf.fountain,SOL,0,0,false,false,false,0
crawl/sci-fi/lion-pdf.fountain,SAROO,0,0,false,false,false,0
crawl/action/sgt-rock.fountain,ROCK,0,0,false,false,false,0
crawl/crime/what-lies-beneath.fountain,CLAIRE,0,0,false,false,false,0
crawl/sci-fi/the-fantastic-four.fountain,REED,0,0,false,false,false,0
crawl/sci-fi/liar-liar-pdf.fountain,FLETCHER,0,0,false,false,false,0
crawl/action/clerks.fountain,DANTE,0,0,false,false,false,0
crawl/sci-fi/state-and-main.fountain,JOE,0,0,false,false,false,0.23809523809523836
crawl/sci-fi/lady-bird-pdf.fountain,LADY BIRD,0,0,false,false,false,0
crawl/crime/human-nature.fountain,NATHAN,0,0,false,false,false,0
crawl/crime/training-day.fountain,ALONZO,0,0,false,false,false,0
crawl/action/wag-the-dog.fountain,BREAN,0,0,false,false,false,0
crawl/fantasy/five-feet-and-rising.fountain,VICTOR,0,0,false,false,false,4.333333333333334
crawl/action/the-village-originally-the-woods.fountain,IVY,0,0,false,false,false,0
crawl/action/suspect-zero.fountain,MACKELWAY,0,0,false,false,false,0
crawl/sci-fi/moonlight-pdf.fountain,KEVIN,0,0,false,false,false,0
crawl/sci-fi/black-snake-moan-pdf.fountain,LAZARUS,0,0,false,false,false,0
crawl/romance/true-romance-pdf.fountain,CLARENCE,0,0,false,false,false,0
crawl/drama/out-of-sight.fountain,FOLEY,0,0,false,false,false,0
crawl/sci-fi/10-things-i-hate-about-you.fountain,KAT,0,0,false,false,false,0
crawl/fantasy/cast-away.fountain,CHUCK,0,1,true,false,false,0
crawl/action/bringing-out-the-dead.fountain,FRANK,0,0,false,false,false,0
crawl/action/the-5th-element.fountain,KORBEN,0,0,false,false,false,0
crawl/action/valkyrie-html.fountain,STAUFFENBERG,0,0,false,false,false,0
crawl/action/bottle-rocket.fountain,DIGNAN,0,0,false,false,false,0
crawl/action/slither.fountain,BILL,0,0,false,false,false,0
crawl/crime/donnie-brasco.fountain,DONNIE,0,0,false,false,false,0
crawl/action/freaked-pdf.fountain,RICK,0,0,false,false,false,0
crawl/horror/zerophilia-html.fountain,LUKE,0,0,false,false,false,0
crawl/sci-fi/charlie-s-angels-pdf.fountain,DYLAN,0,0,false,false,false,0.33333333333333326
crawl/sci-fi/sully-pdf.fountain,SULLY,0,0,false,false,false,0.9259259259259256
Kung Fu Panda.fountain.txt,PO,1,0,true,false,false,0
crawl/horror/true-romance-html.fountain,CLARENCE,0,0,false,false,false,0
crawl/sci-fi/the-italian-job-pdf.fountain,CHARLIE,0,0,false,false,false,0
dead-frequency.fountain,MAYA,0,0,false,false,false,0
crawl/sci-fi/committed-filmed-as-crazylove-pdf.fountain,LETTY,0,0,false,false,false,0
crawl/comedy/kids.fountain,TELLY,0,0,false,false,false,0
crawl/action/the-crow.fountain,ERIC,0,0,false,false,false,0
crawl/war/spartan-pdf.fountain,SCOTT,0,0,false,false,false,0.2631578947368418
crawl/action/dark-angel-pilot.fountain,MAX,0,0,false,false,false,0
crawl/sci-fi/fury-pdf.fountain,WARDADDY,0,0,false,false,false,0
crawl/action/u-turn.fountain,BOBBY,0,0,false,false,false,0
crawl/adventure/mrs-brown.fountain,BROWN,0,0,false,false,false,0.6338028169014087
crawl/action/assassins.fountain,RATH,0,0,false,false,false,0
crawl/sci-fi/sphere.fountain,NORMAN,0,0,false,false,false,0
crawl/sci-fi/city-of-joy-pdf.fountain,MAX,0,0,false,false,false,0
crawl/action/demolition-man.fountain,WADE,0,0,false,false,false,0
crawl/adventure/the-talented-mr-ripley.fountain,RIPLEY,0,0,false,false,false,0
crawl/sci-fi/mini-s-first-time-pdf.fountain,MINI,0,0,false,false,false,0
crawl/action/avatar-html.fountain,JAKE,0,0,false,false,false,0
crawl/sci-fi/troy-pdf.fountain,ACHILLES,0,0,false,false,false,0
up-2009.fountain,CARL,0,0,false,false,false,0
crawl/action/the-cider-house-rules.fountain,HOMER,1,0,true,false,false,0
crawl/horror/meet-joe-black-html.fountain,PARRISH,0,0,false,false,false,0
the-good-dinosaur-2015.fountain,ARLO,0,0,false,false,false,0
crawl/action/soldier.fountain,SANDRA,0,0,false,false,false,0
crawl/sci-fi/american-splendor-pdf.fountain,HARVEY,0,0,false,false,false,0
crawl/sci-fi/hotel-rwanda-pdf.fountain,PAUL,0,0,false,false,false,0
crawl/action/autumn-in-new-york.fountain,WILLS,0,0,false,false,false,0
crawl/action/the-grifters.fountain,ROY,0,0,false,false,false,0
crawl/crime/drop-dead-gorgeous.fountain,AMBER,0,0,false,false,false,0.14285714285714235
crawl/sci-fi/being-human-pdf.fountain,HECTOR,0,0,false,false,false,0
crawl/sci-fi/rough-diamonds-filmed-as-wild-things-diamonds-in-the-rough-p.fountain,MARIE,0,0,false,false,false,0
crawl/crime/fracture-pdf.fountain,WILLY,0,0,false,false,false,0
crawl/horror/pirates-of-the-caribbean.fountain,JACK,0,0,false,false,false,0
crawl/sci-fi/toni-erdmann-pdf.fountain,I,0,0,false,false,false,0
crawl/comedy/a-walk-to-remember.fountain,LANDON,0,0,false,false,false,0
crawl/sci-fi/10-000-b-c-pdf.fountain,NAKUDU,0,0,false,false,false,0
crawl/sci-fi/virtuosity-pdf.fountain,PARKER,0,0,false,false,false,0
crawl/sci-fi/the-boy-next-door-pdf.fountain,CLAIRE,0,0,false,false,false,0
spiyder-race-2011-html.fountain,MILES,0,1,true,false,false,0
crawl/sci-fi/20th-century-woman-pdf.fountain,DOROTHEA,0,0,false,false,false,0
crawl/action/heist-pdf.fountain,MOORE,0,0,false,false,false,0
crawl/action/nick-of-time.fountain,GENE,0,0,false,false,false,0
Frozen.fountain.txt,ANNA,0,1,true,false,false,0
Toy_Story_3.fountain.txt,WOODY,0,0,false,false,false,0
crawl/action/ace-ventura-pet-detective.fountain,ACE,0,0,false,false,false,0
crawl/crime/the-cell.fountain,CATHERINE,0,0,false,false,false,0
crawl/comedy/timber-falls-html.fountain,MIKE,0,0,false,false,false,0
crawl/horror/little-nicky.fountain,NICKY,0,0,false,false,false,0
crawl/action/3-kings-spoils-of-war.fountain,EPPS,0,0,false,false,false,0
crawl/sci-fi/the-meddler-pdf.fountain,MARNIE,0,0,false,false,false,0.714285714285714
spider-man-across-the-spider-verse-2023.fountain,MILES,0,0,false,false,false,0
crawl/sci-fi/wonderstruck-pdf.fountain,BEN,0,0,false,false,false,0
crawl/sci-fi/breakdown-pdf.fountain,JEFF,0,0,false,false,false,0
crawl/sci-fi/the-island-pdf.fountain,LINCOLN,1,0,true,false,false,0
crawl/fantasy/batman-returns.fountain,PENGUIN,0,0,false,false,false,0
crawl/romance/never-been-kissed.fountain,JOSIE,0,0,false,false,false,0
crawl/action/hero.fountain,BERNIE,0,0,false,false,false,0
crawl/sci-fi/get-on-up-pdf.fountain,JAMES,0,0,false,false,false,0
crawl/sci-fi/heat-pdf.fountain,NEIL,0,0,false,false,false,0
crawl/sci-fi/call-me-by-your-name-pdf.fountain,ELIO,0,0,false,false,false,0
crawl/crime/the-crowded-room.fountain,BILLY,0,0,false,false,false,0
crawl/sci-fi/youth-in-revolt-pdf.fountain,NICK,0,0,false,false,false,0.14851485148514865
crawl/sci-fi/dunkirk-pdf.fountain,ALEX,0,0,false,false,false,0.5172413793103448
crawl/sci-fi/frozen-river-pdf.fountain,RAY,0,0,false,false,false,0
crawl/action/lake-placid.fountain,KELLY,0,0,false,false,false,0
crawl/crime/croupier-html.fountain,JACK,0,0,false,false,false,0
crawl/action/last-of-the-mohicans.fountain,HAWKEYE,0,0,false,false,false,0.21739130434782594
Heavy Metal.fountain.txt,HARRY,0,0,false,false,false,0
cars-2-matched.fountain,MATER,0,0,false,false,false,0
crawl/crime/cellular.fountain,THEO,0,0,false,false,false,0
crawl/sci-fi/maggie-s-plan-pdf.fountain,MAGGIE,0,0,false,false,false,0
crawl/crime/reindeer-games.fountain,RUDY,0,0,false,false,false,0
crawl/action/snow-falling-on-cedars.fountain,ISHMAEL,0,0,false,false,false,0
crawl/sci-fi/arac-attack-released-as-eight-legged-freaks-pdf.fountain,SAM,0,0,false,false,false,0
crawl/action/13-days.fountain,KENNY,0,0,false,false,false,0
crawl/action/copycat.fountain,M.J.,0,0,false,false,false,0
Monsters_University.fountain.txt,MIKE,0,1,true,false,false,0
crawl/action/watchmen-html.fountain,DAN,0,0,false,false,false,0
crawl/crime/glengarry-glen-ross.fountain,ROMA,0,0,false,false,false,0
crawl/sci-fi/the-royal-tenenbaums-pdf.fountain,ROYAL,0,0,false,false,false,0
crawl/sci-fi/the-zero-theorem-pdf.fountain,QOHEN,0,0,false,false,false,0
crawl/war/rushmore.fountain,MAX,0,0,false,false,false,0
crawl/sci-fi/macbeth-pdf.fountain,MACBETH,0,0,false,false,false,0
crawl/sci-fi/game-6-pdf.fountain,NICKY,0,0,false,false,false,0
crawl/horror/beavis-and-butt-head-do-america.fountain,BUTT-HEAD,0,0,false,false,false,0
crawl/sci-fi/hitchhiker-s-guide-to-the-galaxy-pdf.fountain,ARTHUR,0,0,false,false,false,0
crawl/action/there-s-something-about-mary.fountain,TED,0,0,false,false,false,0
crawl/sci-fi/chronicle-pdf.fountain,ANDREW,0,0,false,false,false,0
crawl/sci-fi/the-postman-pdf.fountain,THE POSTMAN,0,0,false,false,false,0
crawl/crime/thunderheart.fountain,RAY,0,0,false,false,false,0
crawl/action/fear-and-loathing-in-las-vegas.fountain,DUKE,0,0,false,false,false,0.6000000000000005
crawl/crime/high-fidelity.fountain,ROB,0,1,true,false,false,0
crawl/crime/juno.fountain,JUNO,0,1,true,false,false,0
crawl/sci-fi/gone-girl-pdf.fountain,NICK,0,0,false,false,false,0
crawl/sci-fi/brooklyn-pdf.fountain,EILIS,0,0,false,false,false,0
crawl/action/mighty-morphin-power-rangers.fountain,IVAN,0,0,false,false,false,2.6923076923076925
crawl/sci-fi/the-power-of-one-pdf.fountain,PK,0,0,false,false,false,0
crawl/sci-fi/confidence-pdf.fountain,JAKE,0,1,true,false,false,0
crawl/horror/the-ghost-and-the-darkness.fountain,PATTERSON,0,0,false,false,false,0
crawl/action/cold-mountain.fountain,ADA,0,0,false,false,false,0
crawl/sci-fi/unbroken-pdf.fountain,LOUIE,0,0,false,false,false,0
crawl/sci-fi/harold-and-kumar-go-to-white-castle-pdf.fountain,KUMAR,0,0,false,false,false,0
crawl/crime/basic.fountain,HARDY,0,0,false,false,false,0
crawl/crime/wild-at-heart.fountain,LULA,0,0,false,false,false,0
crawl/adventure/sugar-html.fountain,MIGUEL,0,0,false,false,false,0
crawl/thriller/swingers.fountain,MIKE,0,0,false,false,false,0
crawl/sci-fi/sing-street-pdf.fountain,CONOR,0,0,false,false,false,0
crawl/drama/the-public-eye.fountain,BERNZY,0,0,false,false,false,0
crawl/action/red-planet.fountain,GALLAGHER,1,0,true,false,false,0
crawl/sci-fi/elle-pdf.fountain,MICHELLE,0,0,false,false,false,0
crawl/sci-fi/silence-pdf.fountain,RODRIGUES,0,0,false,false,false,0
crawl/drama/the-kingdom-of-heaven-pdf.fountain,BALIAN,0,0,false,false,false,0
crawl/sci-fi/newsies-pdf.fountain,JACK,0,0,false,false,false,0
crawl/crime/dark-city.fountain,BUMSTEAD,0,0,false,false,false,0
crawl/action/punch-drunk-love.fountain,BARRY,0,0,false,false,false,0
crawl/crime/speed-pdf.fountain,SPEED,1,0,true,false,false,0
crawl/horror/interview-with-the-vampire-pdf.fountain,LOUIS,0,0,false,false,false,0
crawl/sci-fi/babel-pdf.fountain,RICHARD,0,0,false,false,false,0
