file,sceneCount,fired,detail
0Meet_the_Robinsons_FULL_SCREENPLAY.fountain.txt,57,false,""
9_2009.fountain.txt,80,false,""
9_Matched.fountain.txt,112,false,""
A_Scanner_Darkly_Matched.fountain.txt,153,false,""
Anastasia.fountain.txt,130,false,""
Anastasia_Matched.fountain.txt,134,false,""
Antz.fountain.txt,85,false,""
Antz_Matched.fountain.txt,96,false,""
Beavis_And_Butthead_Do_America.fountain.txt,189,false,""
Beavis_and_Butt-head_Do_America_Matched.fountain.txt,187,false,""
Bee_Movie.fountain.txt,135,false,""
Boxtrolls_The_Matched.fountain.txt,88,false,""
Brave-2012.fountain.txt,11,false,""
Cars_2_Matched.fountain.txt,118,false,""
Coco_Matched.fountain.txt,115,false,""
Coco_Script.fountain.txt,120,false,""
Coraline.fountain.txt,138,false,""
Coraline_Matched.fountain.txt,143,false,""
Croods_The.fountain.txt,30,false,""
Despicable_Me.fountain.txt,12,false,""
Dr_Seuss_The_Lorax.fountain.txt,112,false,""
Elemental (2023).fountain.txt,137,false,""
Encanto (2021).fountain.txt,72,false,""
Frankenweenie.fountain.txt,140,false,""
Frozen.fountain.txt,124,false,""
Heavy Metal.fountain.txt,253,false,""
How to Train Your Dragon The Hidden World (2019).fountain.txt,94,false,""
Isle of Dogs (2018).fountain.txt,59,false,""
Jaws.fountain.txt,160,false,""
Kubo and the Two Strings (2016).fountain.txt,55,false,""
Kung Fu Panda.fountain.txt,72,false,""
Looney_Tunes_Back_In_Action.fountain.txt,177,false,""
Luca (2021).fountain.txt,116,false,""
Monsters_University.fountain.txt,139,false,""
Over the Moon (2020).fountain.txt,130,false,""
ParaNorman.fountain.txt,119,false,""
Pulp_Fiction.fountain.txt,117,false,""
Ratatouille.fountain.txt,127,false,""
Raya and the Last Dragon (2021).fountain.txt,98,false,""
Sausage Party (2016).fountain.txt,55,false,""
Shrek.fountain.txt,13,false,""
Shrek_The_Third.fountain.txt,95,false,""
South_Park_The_Movie.fountain.txt,125,false,""
Spider-Man Across the Spider-Verse (2023).fountain.txt,129,false,""
Spider-Man Into the Spider-Verse (2018).fountain.txt,188,false,""
SpiyDER RACE (2011) html.fountain.txt,120,false,""
Teenage Mutant Ninja Turtles Mutant Mayhem (2023).fountain.txt,83,false,""
The Boss Baby Family Business (2021).fountain.txt,52,false,""
The Good Dinosaur (2015).fountain.txt,71,false,""
The Incredibles.fountain.txt,77,false,""
The Mitchells vs the Machines (2021).fountain.txt,112,false,""
The Red Turtle (2016).fountain.txt,11,false,""
The Secret Life of Pets (2016).fountain.txt,107,false,""
The Wild Robot (2024).fountain.txt,146,false,""
Toy Story 4 (2019).fountain.txt,138,false,""
Toy_Story_3.fountain.txt,163,false,""
Transformers_The_Movie_1986.fountain.txt,177,false,""
Up.fountain.txt,184,false,""
WALL-E.fountain.txt,292,false,""
Who Framed Roger Rabbit.fountain.txt,111,false,""
Wreck-It_Ralph.fountain.txt,79,false,""
Zootopia (2016).fountain.txt,105,false,""
corpse-bride-2005.fountain.txt,66,false,""
dARKYMIND.html.fountain.txt,121,false,""
mulan-1998.fountain.txt,86,false,""
shrek_script.fountain.txt,13,false,""
soul_script.fountain.txt,94,false,""
the-adventures-of-tintin-2011.fountain.txt,141,false,""
the-iron-giant-1999.fountain.txt,139,false,""
the-lion-king-1994.fountain.txt,46,false,""
up-2009.fountain.txt,187,false,""
