file,sceneCount,wordCount,health,grade,verdict,totalIssues,critical,major,minor
0meet-the-robinsons-full-screenplay.fountain,57,19976,97.5,excellent,RECOMMEND,424,0,0,0
2020-07-17-soul-final-script.fountain,94,22579,97.7,excellent,RECOMMEND,526,0,0,0
9-matched.fountain,112,17272,91.8,excellent,RECOMMEND,752,0,0,0
9_2009.fountain.txt,80,17241,98.1,excellent,RECOMMEND,651,0,0,0
Anastasia.fountain.txt,130,21175,96.2,excellent,RECOMMEND,680,0,0,0
Antz.fountain.txt,85,17629,92.3,excellent,RECOMMEND,724,0,0,0
Bee_Movie.fountain.txt,135,19958,89.3,strong,RECOMMEND,803,0,0,0
Coraline.fountain.txt,138,24180,97.5,excellent,RECOMMEND,675,0,0,0
Croods_The.fountain.txt,30,16614,95.3,excellent,RECOMMEND,477,0,0,0
Despicable_Me.fountain.txt,12,17821,88.3,strong,RECOMMEND,212,0,0,0
Dr_Seuss_The_Lorax.fountain.txt,112,21815,98.7,excellent,RECOMMEND,541,0,0,0
Frankenweenie.fountain.txt,140,14302,89,strong,RECOMMEND,725,0,0,0
Frozen.fountain.txt,124,19926,88.9,strong,RECOMMEND,936,0,0,0
Heavy Metal.fountain.txt,253,20364,89.4,strong,RECOMMEND,1229,0,0,0
Jaws.fountain.txt,159,28177,86.7,strong,RECOMMEND,950,0,0,0
Kung Fu Panda.fountain.txt,72,14918,97.6,excellent,RECOMMEND,521,0,0,0
Looney_Tunes_Back_In_Action.fountain.txt,175,28115,93.4,excellent,RECOMMEND,880,0,0,0
Monsters_University.fountain.txt,139,24728,91.6,excellent,RECOMMEND,786,0,0,0
ParaNorman.fountain.txt,119,22884,98.7,excellent,RECOMMEND,688,0,0,0
Pulp_Fiction.fountain.txt,117,27727,96.8,excellent,RECOMMEND,715,0,0,0
Shrek_The_Third.fountain.txt,95,21763,98.4,excellent,RECOMMEND,615,0,0,0
South_Park_The_Movie.fountain.txt,125,25537,98,excellent,RECOMMEND,847,0,0,0
Toy_Story_3.fountain.txt,163,24126,98.5,excellent,RECOMMEND,682,0,0,0
Transformers_The_Movie_1986.fountain.txt,177,20381,89.2,strong,RECOMMEND,1252,0,0,0
Up.fountain.txt,184,16907,86.6,strong,RECOMMEND,740,0,0,0
WALL-E.fountain.txt,292,17202,89.5,strong,RECOMMEND,996,0,0,0
Who Framed Roger Rabbit.fountain.txt,111,26178,98.7,excellent,RECOMMEND,753,0,0,0
Wreck-It_Ralph.fountain.txt,79,20875,98.1,excellent,RECOMMEND,624,0,0,0
a-scanner-darkly-matched.fountain,152,27169,84.6,strong,CONSIDER,1279,0,0,0
aladdin-matched.fountain,1,17185,0,troubled,PASS,76,0,0,0
anastasia-matched.fountain,134,21169,87.7,strong,RECOMMEND,988,0,0,0
antz-matched.fountain,96,17661,94.7,excellent,RECOMMEND,657,0,0,0
beavis-and-butt-head-do-america-matched.fountain,187,17575,89.3,strong,RECOMMEND,1046,0,0,0
big-hero-6-2014.fountain,3,6559,53.3,uneven,PASS,116,0,0,0
boxtrolls-the-matched.fountain,87,26088,97.8,excellent,RECOMMEND,980,0,0,0
brave-2012.fountain,11,4708,87.3,strong,RECOMMEND,152,0,0,0
cars-2-matched.fountain,118,24332,89.3,strong,RECOMMEND,1040,0,0,0
chain-of-custody.fountain,13,830,74.6,solid,CONSIDER,195,0,0,0
close-quarters.fountain,13,845,72.5,solid,CONSIDER,208,0,0,0
coco-2017.fountain,120,22341,92.3,excellent,RECOMMEND,853,0,0,0
coco-matched.fountain,115,22478,96,excellent,RECOMMEND,810,0,0,0
code-blue.fountain,14,958,76.1,strong,CONSIDER,219,0,0,0
coraline-matched.fountain,143,24053,88.3,strong,RECOMMEND,1100,0,0,0
corpse-bride-2005.fountain,66,14155,94.6,excellent,RECOMMEND,625,0,0,0
counter-offer.fountain,10,1522,76,strong,CONSIDER,193,0,0,0
crawl/action/13-days.fountain,281,33742,93,excellent,RECOMMEND,975,0,0,0
crawl/action/15-minutes.fountain,85,25209,98.3,excellent,RECOMMEND,730,0,0,0
crawl/action/3-kings-spoils-of-war.fountain,37,25460,96.2,excellent,RECOMMEND,525,0,0,0
crawl/action/3-kings.fountain,140,25904,91.3,excellent,RECOMMEND,729,0,0,0
crawl/action/ace-ventura-pet-detective.fountain,132,17984,88.9,strong,RECOMMEND,1377,0,0,0
crawl/action/airforce-one.fountain,341,26252,89,strong,RECOMMEND,1083,0,0,0
crawl/action/american-outlaws.fountain,147,21107,89.1,strong,RECOMMEND,728,0,0,0
crawl/action/assassins.fountain,181,22918,89.5,strong,RECOMMEND,886,0,0,0
crawl/action/austin-powers-2-the-spy-who-shagged-me.fountain,111,17235,85.3,strong,RECOMMEND,898,0,0,0
crawl/action/austin-powers-international-man-of-mystery.fountain,139,19060,89,strong,RECOMMEND,955,0,0,0
crawl/action/autumn-in-new-york.fountain,151,23928,93.9,excellent,RECOMMEND,782,0,0,0
crawl/action/avatar-html.fountain,165,35681,99.1,excellent,RECOMMEND,933,0,0,0
crawl/action/backdraft-html.fountain,214,27453,88.8,strong,RECOMMEND,932,0,0,0
crawl/action/bad-lieutenant.fountain,5,15046,72,solid,CONSIDER,192,0,0,0
crawl/action/batman-2-unproduced.fountain,287,38094,94.6,excellent,RECOMMEND,860,0,0,0
crawl/action/below.fountain,303,19634,85,strong,RECOMMEND,814,0,0,0
crawl/action/birthday-girl.fountain,178,17550,85.6,strong,RECOMMEND,920,0,0,0
crawl/action/blade-ii.fountain,139,24705,99,excellent,RECOMMEND,688,0,0,0
crawl/action/blade-trinity.fountain,179,25092,84.5,strong,CONSIDER,927,0,0,0
crawl/action/blade.fountain,110,24677,97,excellent,RECOMMEND,722,0,0,0
crawl/action/bottle-rocket.fountain,103,19812,90.6,excellent,RECOMMEND,769,0,0,0
crawl/action/bringing-out-the-dead.fountain,78,18129,82.2,strong,CONSIDER,872,0,0,0
crawl/action/casino.fountain,606,51649,89.8,strong,RECOMMEND,2083,0,0,0
crawl/action/chasing-amy.fountain,42,23551,96.6,excellent,RECOMMEND,740,0,0,0
crawl/action/clerks.fountain,9,23363,84.4,strong,CONSIDER,568,0,0,0
crawl/action/cliffhanger.fountain,100,32407,96.4,excellent,RECOMMEND,849,0,0,0
crawl/action/cold-mountain.fountain,203,29608,89.1,strong,RECOMMEND,953,0,0,0
crawl/action/collateral.fountain,121,25586,98.8,excellent,RECOMMEND,715,0,0,0
crawl/action/committed-filmed-as-crazy-love.fountain,121,20821,95.3,excellent,RECOMMEND,682,0,0,0
crawl/action/copycat.fountain,152,30101,86,strong,RECOMMEND,1200,0,0,0
crawl/action/crank-html.fountain,182,22500,83.3,strong,CONSIDER,972,0,0,0
crawl/action/dark-angel-pilot.fountain,137,25521,92.1,excellent,RECOMMEND,885,0,0,0
crawl/action/demolition-man.fountain,245,22473,87.5,strong,RECOMMEND,1152,0,0,0
crawl/action/detroit-rock-city.fountain,115,26307,95.2,excellent,RECOMMEND,717,0,0,0
crawl/action/el-mariachi.fountain,133,13015,89,strong,RECOMMEND,631,0,0,0
crawl/action/elf.fountain,132,18878,88.9,strong,RECOMMEND,1142,0,0,0
crawl/action/enemy-of-the-state.fountain,199,22004,83.9,strong,CONSIDER,968,0,0,0
crawl/action/even-cowgirls-get-the-blues.fountain,121,18672,88.9,strong,RECOMMEND,901,0,0,0
crawl/action/fargo.fountain,148,16989,89.1,strong,RECOMMEND,939,0,0,0
crawl/action/fear-and-loathing-in-las-vegas.fountain,130,22720,94,excellent,RECOMMEND,847,0,0,0
crawl/action/feast-revised-draft.fountain,107,17475,98.6,excellent,RECOMMEND,536,0,0,0
crawl/action/fight-club.fountain,269,28105,88.2,strong,RECOMMEND,977,0,0,0
crawl/action/final-destination.fountain,150,24733,89.9,strong,RECOMMEND,963,0,0,0
crawl/action/freaked-pdf.fountain,72,21719,94.5,excellent,RECOMMEND,885,0,0,0
crawl/action/freddy-vs-jason.fountain,139,25340,98.8,excellent,RECOMMEND,740,0,0,0
crawl/action/frequency.fountain,227,27741,89.8,strong,RECOMMEND,965,0,0,0
crawl/action/game-6.fountain,112,15442,88.8,strong,RECOMMEND,692,0,0,0
crawl/action/halloween-6-the-curse-of-michael-myers-halloween-666-the-ori.fountain,158,22937,99,excellent,RECOMMEND,618,0,0,0
crawl/action/hanna-html.fountain,8,25569,82.5,strong,CONSIDER,316,0,0,0
crawl/action/hannibal.fountain,287,30628,79.5,strong,CONSIDER,1274,0,0,0
crawl/action/happy-campers.fountain,160,32922,88.6,strong,RECOMMEND,836,0,0,0
crawl/action/heist-pdf.fountain,334,26251,87.4,strong,RECOMMEND,1948,0,0,0
crawl/action/hellboy.fountain,233,22656,89.5,strong,RECOMMEND,842,0,0,0
crawl/action/henry-fool.fountain,158,25374,86.6,strong,RECOMMEND,895,0,0,0
crawl/action/hero.fountain,201,29307,90,excellent,RECOMMEND,1110,0,0,0
crawl/action/high-fidelity-html.fountain,118,26465,91.4,excellent,RECOMMEND,888,0,0,0
crawl/action/highlander-4.fountain,117,18446,88.8,strong,RECOMMEND,1014,0,0,0
crawl/action/hostage.fountain,155,24963,93.4,excellent,RECOMMEND,759,0,0,0
crawl/action/hudson-hawk.fountain,92,23413,98.3,excellent,RECOMMEND,731,0,0,0
crawl/action/i-am-sam.fountain,152,23284,92.2,excellent,RECOMMEND,876,0,0,0
crawl/action/independence-day.fountain,327,26883,89.6,strong,RECOMMEND,1178,0,0,0
crawl/action/inglourious-basterds-html.fountain,107,34205,93.4,excellent,RECOMMEND,1284,0,0,0
crawl/action/intolerable-cruelty.fountain,62,17271,90.8,excellent,RECOMMEND,753,0,0,0
crawl/action/jennifer-eight.fountain,22,35630,93.6,excellent,RECOMMEND,546,0,0,0
crawl/action/jerry-maguire.fountain,187,27066,90,excellent,RECOMMEND,936,0,0,0
crawl/action/jurassic-park-3.fountain,6,19392,76.7,strong,CONSIDER,239,0,0,0
crawl/action/kundun.fountain,213,23742,89.4,strong,RECOMMEND,869,0,0,0
crawl/action/l-a-confidential.fountain,173,25768,91.6,excellent,RECOMMEND,940,0,0,0
crawl/action/lake-placid.fountain,96,15116,88.7,strong,RECOMMEND,698,0,0,0
crawl/action/last-of-the-mohicans.fountain,123,25205,85.3,strong,RECOMMEND,948,0,0,0
crawl/action/legionnaire.fountain,199,23604,89.4,strong,RECOMMEND,970,0,0,0
crawl/action/life-as-a-house.fountain,175,26407,92.6,excellent,RECOMMEND,813,0,0,0
crawl/action/life.fountain,131,26261,96.5,excellent,RECOMMEND,855,0,0,0
crawl/action/living-in-oblivion.fountain,112,17382,89.2,strong,RECOMMEND,743,0,0,0
crawl/action/lost-in-translation.fountain,121,13333,82.8,strong,CONSIDER,733,0,0,0
crawl/action/made.fountain,102,17997,93.8,excellent,RECOMMEND,631,0,0,0
crawl/action/man-in-the-iron-mask.fountain,140,26907,94.7,excellent,RECOMMEND,874,0,0,0
crawl/action/men-in-black.fountain,141,25036,99,excellent,RECOMMEND,696,0,0,0
crawl/action/metro.fountain,228,26858,87.6,strong,RECOMMEND,998,0,0,0
crawl/action/mighty-morphin-power-rangers.fountain,29,17152,95.2,excellent,RECOMMEND,478,0,0,0
crawl/action/miller-s-crossing.fountain,290,27448,89.5,strong,RECOMMEND,1376,0,0,0
crawl/action/mimic.fountain,147,21006,98.7,excellent,RECOMMEND,728,0,0,0
crawl/action/misery.fountain,15,21353,90.7,excellent,RECOMMEND,491,0,0,0
crawl/action/mission-impossible-ii.fountain,134,23288,89.8,strong,RECOMMEND,917,0,0,0
crawl/action/mission-impossible.fountain,210,21712,89.3,strong,RECOMMEND,899,0,0,0
crawl/action/mission-to-mars.fountain,178,28631,89.7,strong,RECOMMEND,1027,0,0,0
crawl/action/mystery-men.fountain,101,22963,83,strong,CONSIDER,915,0,0,0
crawl/action/natural-born-killers.fountain,193,31851,92.8,excellent,RECOMMEND,1072,0,0,0
crawl/action/new-nightmare.fountain,99,20267,94.5,excellent,RECOMMEND,762,0,0,0
crawl/action/nick-of-time.fountain,143,20014,89.1,strong,RECOMMEND,858,0,0,0
crawl/action/nixon.fountain,264,39615,93.9,excellent,RECOMMEND,1186,0,0,0
crawl/action/o-brother-where-art-thou.fountain,51,19087,94.8,excellent,RECOMMEND,713,0,0,0
crawl/action/passengers-html.fountain,37,25164,96.2,excellent,RECOMMEND,796,0,0,0
crawl/action/pearl-harbor-html.fountain,314,33629,89.6,strong,RECOMMEND,1242,0,0,0
crawl/action/pearl-harbor.fountain,314,33255,89.6,strong,RECOMMEND,1224,0,0,0
crawl/action/pet-sematary-ii.fountain,180,23076,95.6,excellent,RECOMMEND,800,0,0,0
crawl/action/philadelphia.fountain,28,22740,95,excellent,RECOMMEND,670,0,0,0
crawl/action/pitch-black.fountain,228,19562,89,strong,RECOMMEND,862,0,0,0
crawl/action/planet-of-the-apes-2001.fountain,166,22214,89.1,strong,RECOMMEND,943,0,0,0
crawl/action/punch-drunk-love.fountain,155,15599,83.1,strong,CONSIDER,866,0,0,0
crawl/action/quills.fountain,206,27023,90.1,excellent,RECOMMEND,881,0,0,0
crawl/action/red-planet.fountain,172,22197,89.2,strong,RECOMMEND,1280,0,0,0
crawl/action/reservoir-dogs.fountain,52,17758,95.7,excellent,RECOMMEND,652,0,0,0
crawl/action/resident-evil-romero-unproduced.fountain,185,22909,95.7,excellent,RECOMMEND,755,0,0,0
crawl/action/ronin-html.fountain,99,28401,93.2,excellent,RECOMMEND,649,0,0,0
crawl/action/ronin.fountain,99,28030,93,excellent,RECOMMEND,645,0,0,0
crawl/action/rush-hour-2.fountain,115,18774,98.7,excellent,RECOMMEND,558,0,0,0
crawl/action/rush-hour.fountain,192,23435,90.7,excellent,RECOMMEND,833,0,0,0
crawl/action/saving-private-ryan.fountain,68,22243,94,excellent,RECOMMEND,896,0,0,0
crawl/action/sgt-rock.fountain,22,28990,93.6,excellent,RECOMMEND,657,0,0,0
crawl/action/sleepy-hollow.fountain,215,25260,86.9,strong,RECOMMEND,891,0,0,0
crawl/action/slither.fountain,195,22788,92.1,excellent,RECOMMEND,750,0,0,0
crawl/action/smokin-aces.fountain,207,29208,91.2,excellent,RECOMMEND,940,0,0,0
crawl/action/snatch-pdf.fountain,36,23048,96.1,excellent,RECOMMEND,623,0,0,0
crawl/action/snow-falling-on-cedars.fountain,270,25135,89.5,strong,RECOMMEND,1052,0,0,0
crawl/action/solaris.fountain,120,12346,88.8,strong,RECOMMEND,762,0,0,0
crawl/action/soldier.fountain,239,32013,92.8,excellent,RECOMMEND,961,0,0,0
crawl/action/spider-man.fountain,123,27445,98.7,excellent,RECOMMEND,692,0,0,0
crawl/action/star-trek-07-generations.fountain,5,24021,72,solid,CONSIDER,282,0,0,0
crawl/action/star-trek-10-nemesis.fountain,170,21726,89.2,strong,RECOMMEND,875,0,0,0
crawl/action/storytelling.fountain,73,8597,85,strong,RECOMMEND,607,0,0,0
crawl/action/superfights-pdf.fountain,111,18126,92,excellent,RECOMMEND,725,0,0,0
crawl/action/surrogates-html.fountain,179,24414,98.4,excellent,RECOMMEND,811,0,0,0
crawl/action/suspect-zero.fountain,57,28854,97.5,excellent,RECOMMEND,625,0,0,0
crawl/action/taking-sides.fountain,64,15292,89,strong,RECOMMEND,665,0,0,0
crawl/action/terminator-2-judgement-day-html.fountain,11,35903,87.3,strong,RECOMMEND,364,0,0,0
crawl/action/the-5th-element.fountain,98,24322,98.5,excellent,RECOMMEND,678,0,0,0
crawl/action/the-assignment.fountain,201,33055,92.8,excellent,RECOMMEND,986,0,0,0
crawl/action/the-avengers.fountain,33,24170,95.8,excellent,RECOMMEND,550,0,0,0
crawl/action/the-battle-of-shaker-heights.fountain,99,18082,90.9,excellent,RECOMMEND,705,0,0,0
crawl/action/the-believer.fountain,165,22020,89.2,strong,RECOMMEND,1026,0,0,0
crawl/action/the-bijou.fountain,161,27847,94.1,excellent,RECOMMEND,921,0,0,0
crawl/action/the-black-dahlia.fountain,293,36011,89.5,strong,RECOMMEND,1239,0,0,0
crawl/action/the-boondock-saints.fountain,146,26072,90.4,excellent,RECOMMEND,885,0,0,0
crawl/action/the-bourne-identity.fountain,187,22753,73.6,solid,CONSIDER,846,0,0,0
crawl/action/the-butterfly-effect.fountain,185,23748,90.7,excellent,RECOMMEND,817,0,0,0
crawl/action/the-cable-guy.fountain,5,24081,72,solid,CONSIDER,276,0,0,0
crawl/action/the-cider-house-rules.fountain,197,26146,91.9,excellent,RECOMMEND,831,0,0,0
crawl/action/the-crow-salvation.fountain,136,21238,98.5,excellent,RECOMMEND,681,0,0,0
crawl/action/the-crow.fountain,123,21915,87.2,strong,RECOMMEND,947,0,0,0
crawl/action/the-english-patient.fountain,236,30945,90,excellent,RECOMMEND,955,0,0,0
crawl/action/the-family-man.fountain,90,27770,98.4,excellent,RECOMMEND,779,0,0,0
crawl/action/the-fisher-king.fountain,189,25080,89.3,strong,RECOMMEND,1047,0,0,0
crawl/action/the-fugitive.fountain,364,26252,89.6,strong,RECOMMEND,1120,0,0,0
crawl/action/the-grifters.fountain,153,22431,92,excellent,RECOMMEND,757,0,0,0
crawl/action/the-haunting.fountain,183,29719,97.7,excellent,RECOMMEND,749,0,0,0
crawl/action/the-hebrew-hammer.fountain,74,20749,93.5,excellent,RECOMMEND,560,0,0,0
crawl/action/the-horse-wisperer.fountain,240,38187,87.5,strong,RECOMMEND,1113,0,0,0
crawl/action/the-insider.fountain,249,26942,89.4,strong,RECOMMEND,1107,0,0,0
crawl/action/the-limey.fountain,134,19738,90.4,excellent,RECOMMEND,730,0,0,0
crawl/action/the-majestic.fountain,161,27808,96.7,excellent,RECOMMEND,899,0,0,0
crawl/action/the-patriot.fountain,165,29424,97.6,excellent,RECOMMEND,776,0,0,0
crawl/action/the-relic.fountain,145,28376,99,excellent,RECOMMEND,784,0,0,0
crawl/action/the-rules-of-attraction-pdf.fountain,141,30632,98.9,excellent,RECOMMEND,897,0,0,0
crawl/action/the-salton-sea.fountain,199,22009,83.3,strong,CONSIDER,955,0,0,0
crawl/action/the-secret-life-of-walter-mitty-pdf.fountain,219,23520,89.4,strong,RECOMMEND,1073,0,0,0
crawl/action/the-time-machine.fountain,98,19963,92.1,excellent,RECOMMEND,592,0,0,0
crawl/action/the-truman-show.fountain,215,28788,87.4,strong,RECOMMEND,955,0,0,0
crawl/action/the-village-originally-the-woods.fountain,119,21139,78.8,strong,CONSIDER,837,0,0,0
crawl/action/the-x-files-movie.fountain,137,28369,98.9,excellent,RECOMMEND,828,0,0,0
crawl/action/there-s-something-about-mary.fountain,133,22586,87.8,strong,RECOMMEND,944,0,0,0
crawl/action/ticker.fountain,101,14921,90.5,excellent,RECOMMEND,637,0,0,0
crawl/action/tombstone.fountain,117,30528,98.8,excellent,RECOMMEND,811,0,0,0
crawl/action/toy-story.fountain,121,21455,93.5,excellent,RECOMMEND,763,0,0,0
crawl/action/traffic.fountain,248,30031,89.5,strong,RECOMMEND,1118,0,0,0
crawl/action/trainspotting.fountain,190,17373,86,strong,RECOMMEND,869,0,0,0
crawl/action/tremors.fountain,8,25052,82.5,strong,CONSIDER,273,0,0,0
crawl/action/true-romance.fountain,87,26509,84.4,strong,CONSIDER,1385,0,0,0
crawl/action/u-turn-stray-dogs.fountain,55,23304,97.3,excellent,RECOMMEND,722,0,0,0
crawl/action/u-turn.fountain,98,27210,98.4,excellent,RECOMMEND,797,0,0,0
crawl/action/unbreakable.fountain,111,24312,93.5,excellent,RECOMMEND,912,0,0,0
crawl/action/unforgiven.fountain,129,27131,96.8,excellent,RECOMMEND,694,0,0,0
crawl/action/valkyrie-html.fountain,31,24835,95.5,excellent,RECOMMEND,490,0,0,0
crawl/action/virtuosity.fountain,5,25747,72,solid,CONSIDER,376,0,0,0
crawl/action/wag-the-dog.fountain,278,26949,89.5,strong,RECOMMEND,1603,0,0,0
crawl/action/watchmen-html.fountain,201,27514,90,excellent,RECOMMEND,1028,0,0,0
crawl/action/x-men.fountain,244,33724,94.9,excellent,RECOMMEND,968,0,0,0
crawl/action/xxx.fountain,129,24700,94.6,excellent,RECOMMEND,747,0,0,0
crawl/adventure/1492-conquest-of-paradise.fountain,170,22913,85.9,strong,RECOMMEND,787,0,0,0
crawl/adventure/adventureland-pdf.fountain,197,25299,89,strong,RECOMMEND,1013,0,0,0
crawl/adventure/almost-famous.fountain,24,35166,94.2,excellent,RECOMMEND,549,0,0,0
crawl/adventure/american-beauty.fountain,168,20243,94.9,excellent,RECOMMEND,679,0,0,0
crawl/adventure/big-fish.fountain,197,25933,94.5,excellent,RECOMMEND,803,0,0,0
crawl/adventure/blow.fountain,172,22686,89.2,strong,RECOMMEND,901,0,0,0
crawl/adventure/eternal-sunshine-of-the-spotless-mind.fountain,170,23282,89.2,strong,RECOMMEND,1015,0,0,0
crawl/adventure/feast-early-draft.fountain,118,21435,96.6,excellent,RECOMMEND,776,0,0,0
crawl/adventure/forrest-gump.fountain,247,25190,82.6,strong,CONSIDER,1045,0,0,0
crawl/adventure/gods-and-monsters.fountain,120,22832,90.8,excellent,RECOMMEND,882,0,0,0
crawl/adventure/house-on-haunted-hill.fountain,142,22240,98,excellent,RECOMMEND,732,0,0,0
crawl/adventure/jurassic-park-2-the-lost-world.fountain,95,32313,98.5,excellent,RECOMMEND,637,0,0,0
crawl/adventure/mrs-brown.fountain,137,17421,89,strong,RECOMMEND,783,0,0,0
crawl/adventure/ocean-s-eleven-pdf.fountain,340,29721,89.6,strong,RECOMMEND,1415,0,0,0
crawl/adventure/ocean-s-twelve-html.fountain,8,23287,82.5,strong,CONSIDER,463,0,0,0
crawl/adventure/ocean-s-twelve-pdf.fountain,183,23304,89.2,strong,RECOMMEND,1183,0,0,0
crawl/adventure/quantum-project.fountain,6,5906,76.7,strong,CONSIDER,127,0,0,0
crawl/adventure/signs.fountain,95,22605,84.2,strong,CONSIDER,1029,0,0,0
crawl/adventure/sugar-html.fountain,43,24593,96.7,excellent,RECOMMEND,632,0,0,0
crawl/adventure/the-adventures-of-ford-fairlane-ford-fairlane.fountain,108,23218,91.8,excellent,RECOMMEND,852,0,0,0
crawl/adventure/the-talented-mr-ripley.fountain,131,20523,90.1,excellent,RECOMMEND,783,0,0,0
crawl/adventure/titanic.fountain,208,43358,97.7,excellent,RECOMMEND,1054,0,0,0
crawl/adventure/two-for-the-money-html.fountain,192,27196,89.7,strong,RECOMMEND,980,0,0,0
crawl/animation/kung-fu-panda-html.fountain,70,15184,96.1,excellent,RECOMMEND,564,0,0,0
crawl/comedy/a-walk-to-remember.fountain,229,19398,87.2,strong,RECOMMEND,1029,0,0,0
crawl/comedy/barton-fink.fountain,146,21529,89.1,strong,RECOMMEND,925,0,0,0
crawl/comedy/beloved-html.fountain,235,33863,87.4,strong,RECOMMEND,1069,0,0,0
crawl/comedy/beloved.fountain,235,33514,87.2,strong,RECOMMEND,1067,0,0,0
crawl/comedy/boy-who-never-slept.fountain,80,12785,84.7,strong,CONSIDER,614,0,0,0
crawl/comedy/bruce-almighty.fountain,162,22181,89.2,strong,RECOMMEND,999,0,0,0
crawl/comedy/ed-tv.fountain,6,23909,76.7,strong,CONSIDER,462,0,0,0
crawl/comedy/erin-brockovich.fountain,284,29377,89.5,strong,RECOMMEND,994,0,0,0
crawl/comedy/funny-people-pdf.fountain,157,26902,89.1,strong,RECOMMEND,1197,0,0,0
crawl/comedy/get-shorty.fountain,148,26757,89.9,strong,RECOMMEND,952,0,0,0
crawl/comedy/ghost-world.fountain,124,22543,87.6,strong,RECOMMEND,885,0,0,0
crawl/comedy/good-will-hunting-html.fountain,127,23860,83.7,strong,CONSIDER,988,0,0,0
crawl/comedy/john-q.fountain,169,23499,88.7,strong,RECOMMEND,1143,0,0,0
crawl/comedy/kids.fountain,73,17129,93.8,excellent,RECOMMEND,640,0,0,0
crawl/comedy/monkeybone.fountain,173,26376,94.1,excellent,RECOMMEND,938,0,0,0
crawl/comedy/panic-room.fountain,174,23130,98.6,excellent,RECOMMEND,706,0,0,0
crawl/comedy/return-to-me.fountain,112,20742,84.6,strong,CONSIDER,1179,0,0,0
crawl/comedy/the-blast-from-the-past.fountain,210,24067,89.4,strong,RECOMMEND,944,0,0,0
crawl/comedy/the-crying-game.fountain,105,15648,88.7,strong,RECOMMEND,709,0,0,0
crawl/comedy/the-ghost-and-the-darkness.fountain,12,22871,88.3,strong,RECOMMEND,466,0,0,0
crawl/comedy/the-hudsucker-proxy.fountain,219,27139,89.4,strong,RECOMMEND,1143,0,0,0
crawl/comedy/the-shawshank-redemption.fountain,45,29135,96.9,excellent,RECOMMEND,624,0,0,0
crawl/comedy/the-woodsman.fountain,130,16819,85.1,strong,RECOMMEND,792,0,0,0
crawl/comedy/timber-falls-html.fountain,7,21740,80,strong,CONSIDER,238,0,0,0
crawl/comedy/twin-peaks-fire-walk-with-me.fountain,213,24038,89.3,strong,RECOMMEND,1083,0,0,0
crawl/crime/12-monkeys.fountain,174,30880,93.1,excellent,RECOMMEND,1095,0,0,0
crawl/crime/8-millimeter.fountain,303,31444,89.7,strong,RECOMMEND,1006,0,0,0
crawl/crime/affliction.fountain,88,16102,94,excellent,RECOMMEND,647,0,0,0
crawl/crime/awakenings-pdf.fountain,55,31012,97.4,excellent,RECOMMEND,874,0,0,0
crawl/crime/basic-instinct.fountain,140,20119,89.3,strong,RECOMMEND,814,0,0,0
crawl/crime/basic.fountain,142,22329,89.9,strong,RECOMMEND,828,0,0,0
crawl/crime/batman-forever.fountain,30,23664,95.3,excellent,RECOMMEND,586,0,0,0
crawl/crime/black-snake-moan.fountain,138,24768,97.8,excellent,RECOMMEND,711,0,0,0
crawl/crime/bodies-rest-motion.fountain,86,15470,90.5,excellent,RECOMMEND,633,0,0,0
crawl/crime/body-of-evidence.fountain,84,21325,96.3,excellent,RECOMMEND,827,0,0,0
crawl/crime/bound.fountain,191,19152,89.3,strong,RECOMMEND,889,0,0,0
crawl/crime/cellular.fountain,47,18871,90.4,excellent,RECOMMEND,651,0,0,0
crawl/crime/confidence.fountain,146,24015,97.4,excellent,RECOMMEND,776,0,0,0
crawl/crime/conspiracy-theory.fountain,183,23506,89.6,strong,RECOMMEND,856,0,0,0
crawl/crime/crime-spree.fountain,216,24466,89.4,strong,RECOMMEND,929,0,0,0
crawl/crime/croupier-html.fountain,160,19065,89.2,strong,RECOMMEND,794,0,0,0
crawl/crime/croupier.fountain,160,18706,89.2,strong,RECOMMEND,789,0,0,0
crawl/crime/crow-3-resurrection.fountain,62,21124,94.4,excellent,RECOMMEND,801,0,0,0
crawl/crime/dark-city.fountain,126,27114,98.9,excellent,RECOMMEND,723,0,0,0
crawl/crime/deep-cover.fountain,138,20780,89.4,strong,RECOMMEND,810,0,0,0
crawl/crime/donnie-brasco.fountain,137,22374,90.6,excellent,RECOMMEND,887,0,0,0
crawl/crime/drop-dead-gorgeous.fountain,197,18398,89.3,strong,RECOMMEND,774,0,0,0
crawl/crime/entrapment.fountain,366,28986,89.6,strong,RECOMMEND,1116,0,0,0
crawl/crime/erin-brockovich.fountain,244,28509,89.5,strong,RECOMMEND,999,0,0,0
crawl/crime/face-off.fountain,205,23677,91.4,excellent,RECOMMEND,824,0,0,0
crawl/crime/fatal-instinct.fountain,211,27456,89.7,strong,RECOMMEND,998,0,0,0
crawl/crime/final-destination-2.fountain,130,25044,95.9,excellent,RECOMMEND,884,0,0,0
crawl/crime/fracture-html.fountain,139,23264,89.5,strong,RECOMMEND,882,0,0,0
crawl/crime/fracture-pdf.fountain,139,22915,90.9,excellent,RECOMMEND,808,0,0,0
crawl/crime/friday-the-13th-part-10-jason-x.fountain,187,20718,89.3,strong,RECOMMEND,972,0,0,0
crawl/crime/from-dusk-till-dawn.fountain,49,22924,97.1,excellent,RECOMMEND,704,0,0,0
crawl/crime/gang-related.fountain,157,24228,89.4,strong,RECOMMEND,952,0,0,0
crawl/crime/glengarry-glen-ross.fountain,49,13908,88.1,strong,RECOMMEND,703,0,0,0
crawl/crime/godfather-html.fountain,230,32649,92.9,excellent,RECOMMEND,1039,0,0,0
crawl/crime/gone-in-sixty-seconds.fountain,193,28817,94.1,excellent,RECOMMEND,937,0,0,0
crawl/crime/goodfellas.fountain,157,24515,89.2,strong,RECOMMEND,1072,0,0,0
crawl/crime/gothika-html.fountain,158,26098,96.8,excellent,RECOMMEND,797,0,0,0
crawl/crime/grabbers-html.fountain,146,19279,97.6,excellent,RECOMMEND,625,0,0,0
crawl/crime/grosse-pointe-blank.fountain,151,19135,89.1,strong,RECOMMEND,1018,0,0,0
crawl/crime/harry-potter-and-the-order-of-the-phoenix-pdf.fountain,77,12735,98.1,excellent,RECOMMEND,389,0,0,0
crawl/crime/high-fidelity.fountain,118,26095,91.2,excellent,RECOMMEND,885,0,0,0
crawl/crime/hotel-rwanda.fountain,203,23939,89.3,strong,RECOMMEND,968,0,0,0
crawl/crime/human-nature.fountain,162,20189,87.7,strong,RECOMMEND,898,0,0,0
crawl/crime/insomnia.fountain,205,24433,89.7,strong,RECOMMEND,898,0,0,0
crawl/crime/interview-with-the-vampire.fountain,138,22619,87.9,strong,RECOMMEND,996,0,0,0
crawl/crime/invictus-html.fountain,272,28792,89.5,strong,RECOMMEND,970,0,0,0
crawl/crime/jackie-brown.fountain,132,31679,94.8,excellent,RECOMMEND,1068,0,0,0
crawl/crime/jason-x.fountain,187,20674,89.3,strong,RECOMMEND,960,0,0,0
crawl/crime/jay-and-silent-bob-strike-back.fountain,135,24044,91.1,excellent,RECOMMEND,935,0,0,0
crawl/crime/jfk.fountain,72,52766,98,excellent,RECOMMEND,1254,0,0,0
crawl/crime/john-wick-html.fountain,464,19209,85.3,strong,RECOMMEND,1366,0,0,0
crawl/crime/juno.fountain,122,18289,89.5,strong,RECOMMEND,685,0,0,0
crawl/crime/kalifornia.fountain,309,26091,89.5,strong,RECOMMEND,1134,0,0,0
crawl/crime/king-kong-pdf.fountain,307,30998,89.5,strong,RECOMMEND,1330,0,0,0
crawl/crime/limitless-html.fountain,223,23725,89.4,strong,RECOMMEND,1029,0,0,0
crawl/crime/lord-of-illusions.fountain,190,20630,89.9,strong,RECOMMEND,783,0,0,0
crawl/crime/magnolia.fountain,464,40981,81.7,strong,CONSIDER,1690,0,0,0
crawl/crime/man-on-fire-pdf.fountain,187,26126,90.3,excellent,RECOMMEND,951,0,0,0
crawl/crime/man-on-fire.fountain,186,25485,92.1,excellent,RECOMMEND,855,0,0,0
crawl/crime/matrix-the-html.fountain,222,23650,89.4,strong,RECOMMEND,929,0,0,0
crawl/crime/memento.fountain,6,32425,76.7,strong,CONSIDER,244,0,0,0
crawl/crime/miami-vice.fountain,213,21342,87.3,strong,RECOMMEND,938,0,0,0
crawl/crime/mimic-html.fountain,147,21386,98.7,excellent,RECOMMEND,732,0,0,0
crawl/crime/minority-report.fountain,301,37350,91.2,excellent,RECOMMEND,1143,0,0,0
crawl/crime/mr-holland-s-opus-pdf.fountain,171,25238,89.2,strong,RECOMMEND,1030,0,0,0
crawl/crime/natural-born-killers-pdf.fountain,119,27161,85.4,strong,RECOMMEND,1296,0,0,0
crawl/crime/next-friday.fountain,81,15831,96.8,excellent,RECOMMEND,546,0,0,0
crawl/crime/nurse-betty.fountain,69,30532,98,excellent,RECOMMEND,703,0,0,0
crawl/crime/panther.fountain,229,21480,94,excellent,RECOMMEND,764,0,0,0
crawl/crime/pi-html.fountain,63,15148,96.8,excellent,RECOMMEND,592,0,0,0
crawl/crime/pi.fountain,63,14778,96.4,excellent,RECOMMEND,589,0,0,0
crawl/crime/pulp-fiction-html.fountain,117,28138,94.5,excellent,RECOMMEND,998,0,0,0
crawl/crime/reindeer-games.fountain,166,26223,89.5,strong,RECOMMEND,1025,0,0,0
crawl/crime/scream-3.fountain,133,14859,89,strong,RECOMMEND,731,0,0,0
crawl/crime/scream.fountain,116,22065,97.9,excellent,RECOMMEND,760,0,0,0
crawl/crime/se7en-html.fountain,206,34843,98.7,excellent,RECOMMEND,917,0,0,0
crawl/crime/serial-mom.fountain,65,19165,89.2,strong,RECOMMEND,791,0,0,0
crawl/crime/seven.fountain,206,34470,98.7,excellent,RECOMMEND,904,0,0,0
crawl/crime/sixth-sense-the-html.fountain,123,23305,96.3,excellent,RECOMMEND,790,0,0,0
crawl/crime/sling-blade.fountain,87,21301,88.6,strong,RECOMMEND,898,0,0,0
crawl/crime/so-i-married-an-axe-murderer.fountain,106,19746,89.4,strong,RECOMMEND,823,0,0,0
crawl/crime/speed-pdf.fountain,380,39142,86.2,strong,RECOMMEND,1886,0,0,0
crawl/crime/sugar-and-spice.fountain,171,17818,89.2,strong,RECOMMEND,847,0,0,0
crawl/crime/the-anniversary-party.fountain,83,16518,82.4,strong,CONSIDER,751,0,0,0
crawl/crime/the-bourne-supremacy.fountain,327,22505,89.6,strong,RECOMMEND,937,0,0,0
crawl/crime/the-cell.fountain,121,21551,98.8,excellent,RECOMMEND,574,0,0,0
crawl/crime/the-corruptor.fountain,16,22537,91.2,excellent,RECOMMEND,489,0,0,0
crawl/crime/the-crowded-room.fountain,303,28422,89.5,strong,RECOMMEND,1221,0,0,0
crawl/crime/the-horse-wisperer.fountain,239,38143,86.8,strong,RECOMMEND,1138,0,0,0
crawl/crime/the-jacket.fountain,185,28125,87.8,strong,RECOMMEND,842,0,0,0
crawl/crime/the-mummy-1999.fountain,108,27113,95.3,excellent,RECOMMEND,674,0,0,0
crawl/crime/the-saint.fountain,285,28879,85.5,strong,RECOMMEND,1760,0,0,0
crawl/crime/the-shipping-news.fountain,263,29069,86.1,strong,RECOMMEND,1007,0,0,0
crawl/crime/the-sixth-sense.fountain,121,22917,96,excellent,RECOMMEND,781,0,0,0
crawl/crime/the-sweet-hereafter.fountain,124,16783,88.9,strong,RECOMMEND,760,0,0,0
crawl/crime/thunderheart.fountain,98,30579,98.6,excellent,RECOMMEND,727,0,0,0
crawl/crime/to-sleep-with-anger.fountain,190,23258,85,strong,RECOMMEND,877,0,0,0
crawl/crime/training-day.fountain,85,20319,91,excellent,RECOMMEND,651,0,0,0
crawl/crime/true-crime-pdf.fountain,150,29915,95.4,excellent,RECOMMEND,1076,0,0,0
crawl/crime/unbreakable.fountain,109,24320,95.4,excellent,RECOMMEND,874,0,0,0
crawl/crime/untraceable-pdf.fountain,218,25375,89.4,strong,RECOMMEND,979,0,0,0
crawl/crime/what-lies-beneath.fountain,158,18839,89.4,strong,RECOMMEND,734,0,0,0
crawl/crime/wild-at-heart.fountain,27,27657,94.8,excellent,RECOMMEND,639,0,0,0
crawl/crime/wild-things.fountain,151,25482,85.9,strong,RECOMMEND,868,0,0,0
crawl/crime/wonder-boys.fountain,44,24696,96.8,excellent,RECOMMEND,516,0,0,0
crawl/crime/x-men-pdf.fountain,135,25991,87.6,strong,RECOMMEND,942,0,0,0
crawl/drama/batman-begins-pdf.fountain,347,28416,89.4,strong,RECOMMEND,926,0,0,0
crawl/drama/cobb-pdf.fountain,146,27620,84.7,strong,CONSIDER,1197,0,0,0
crawl/drama/dumb-and-dumber.fountain,150,22918,96.8,excellent,RECOMMEND,811,0,0,0
crawl/drama/get-carter-pdf.fountain,233,21771,89.4,strong,RECOMMEND,1157,0,0,0
crawl/drama/get-him-to-the-greek-pdf.fountain,115,23489,93.3,excellent,RECOMMEND,895,0,0,0
crawl/drama/kate-and-leopold.fountain,146,20432,80.2,strong,CONSIDER,1003,0,0,0
crawl/drama/l-a-confidential.fountain,174,25761,90.2,excellent,RECOMMEND,971,0,0,0
crawl/drama/lone-star.fountain,100,23468,91.2,excellent,RECOMMEND,864,0,0,0
crawl/drama/long-kiss-goodnight.fountain,162,28573,98.2,excellent,RECOMMEND,911,0,0,0
crawl/drama/out-of-sight.fountain,165,30174,91.6,excellent,RECOMMEND,986,0,0,0
crawl/drama/saving-private-ryan.fountain,72,22216,93.6,excellent,RECOMMEND,875,0,0,0
crawl/drama/schindler-s-list.fountain,262,29915,89.5,strong,RECOMMEND,987,0,0,0
crawl/drama/shakespeare-in-love.fountain,198,23081,89.3,strong,RECOMMEND,965,0,0,0
crawl/drama/sling-blade.fountain,87,21279,88.7,strong,RECOMMEND,881,0,0,0
crawl/drama/station-pdf.fountain,199,24252,99,excellent,RECOMMEND,722,0,0,0
crawl/drama/stolen-summer.fountain,50,18959,92.4,excellent,RECOMMEND,636,0,0,0
crawl/drama/the-kingdom-of-heaven-pdf.fountain,181,29114,92.1,excellent,RECOMMEND,949,0,0,0
crawl/drama/the-man-who-wasn-t-there.fountain,272,18815,84.6,strong,CONSIDER,1176,0,0,0
crawl/drama/the-prophecy.fountain,91,24415,96.4,excellent,RECOMMEND,865,0,0,0
crawl/drama/the-public-eye.fountain,160,23635,89.5,strong,RECOMMEND,881,0,0,0
crawl/drama/the-siege.fountain,47,23453,96.3,excellent,RECOMMEND,895,0,0,0
crawl/drama/the-silence-of-the-lambs.fountain,142,31112,97.7,excellent,RECOMMEND,991,0,0,0
crawl/drama/the-usual-suspects.fountain,140,24106,88,strong,RECOMMEND,815,0,0,0
crawl/drama/thelma-louise.fountain,250,24413,89.4,strong,RECOMMEND,920,0,0,0
crawl/drama/what-about-bob.fountain,136,21914,89.3,strong,RECOMMEND,920,0,0,0
crawl/drama/you-can-count-on-me.fountain,289,43559,89.8,strong,RECOMMEND,1359,0,0,0
crawl/fantasy/ali-html.fountain,253,32291,78.9,strong,CONSIDER,1109,0,0,0
crawl/fantasy/american-beauty.fountain,168,20171,95.5,excellent,RECOMMEND,687,0,0,0
crawl/fantasy/american-pie.fountain,227,20559,85.4,strong,RECOMMEND,899,0,0,0
crawl/fantasy/american-psycho.fountain,59,20260,97.6,excellent,RECOMMEND,658,0,0,0
crawl/fantasy/bad-santa.fountain,206,16025,89.3,strong,RECOMMEND,885,0,0,0
crawl/fantasy/batman-returns.fountain,324,32378,89.6,strong,RECOMMEND,1236,0,0,0
crawl/fantasy/being-john-malkovich.fountain,174,20394,86.3,strong,RECOMMEND,900,0,0,0
crawl/fantasy/braveheart.fountain,125,27455,98.4,excellent,RECOMMEND,818,0,0,0
crawl/fantasy/cast-away.fountain,302,27041,89.5,strong,RECOMMEND,1093,0,0,0
crawl/fantasy/donnie-darko.fountain,185,19358,87.2,strong,RECOMMEND,1095,0,0,0
crawl/fantasy/election.fountain,219,24307,90.1,excellent,RECOMMEND,819,0,0,0
crawl/fantasy/five-feet-and-rising.fountain,27,4901,84.8,strong,CONSIDER,372,0,0,0
crawl/fantasy/four-rooms.fountain,37,24093,96.2,excellent,RECOMMEND,718,0,0,0
crawl/fantasy/gateway-pdf.fountain,139,23800,92,excellent,RECOMMEND,921,0,0,0
crawl/fantasy/how-to-train-your-dragon-html.fountain,104,21838,93.6,excellent,RECOMMEND,707,0,0,0
crawl/fantasy/love-and-basketball.fountain,115,20972,90.3,excellent,RECOMMEND,822,0,0,0
crawl/fantasy/mumford.fountain,193,25987,92.2,excellent,RECOMMEND,913,0,0,0
crawl/fantasy/out-of-sight.fountain,163,30313,93.7,excellent,RECOMMEND,938,0,0,0
crawl/fantasy/pleasantville-html.fountain,192,32770,98.6,excellent,RECOMMEND,943,0,0,0
crawl/fantasy/pleasantville.fountain,192,32395,98.6,excellent,RECOMMEND,934,0,0,0
crawl/fantasy/rko-281.fountain,21,23725,92.1,excellent,RECOMMEND,532,0,0,0
crawl/fantasy/sexual-life.fountain,101,16416,89.1,strong,RECOMMEND,691,0,0,0
crawl/fantasy/sideways.fountain,185,24973,89.6,strong,RECOMMEND,949,0,0,0
crawl/fantasy/stepmom.fountain,194,27102,84.8,strong,CONSIDER,947,0,0,0
crawl/fantasy/swordfish-pdf.fountain,182,20443,86.3,strong,RECOMMEND,1038,0,0,0
crawl/fantasy/the-big-lebowski.fountain,11,21575,87.3,strong,RECOMMEND,539,0,0,0
crawl/fantasy/the-game.fountain,186,26044,93.3,excellent,RECOMMEND,904,0,0,0
crawl/fantasy/the-lord-of-the-rings-the-return-of-the-king.fountain,231,25838,99.2,excellent,RECOMMEND,706,0,0,0
crawl/fantasy/the-queen-pdf.fountain,184,18619,89.2,strong,RECOMMEND,927,0,0,0
crawl/fantasy/twilight-html.fountain,215,23047,87,strong,RECOMMEND,925,0,0,0
crawl/fantasy/very-bad-things.fountain,95,18511,87.6,strong,RECOMMEND,774,0,0,0
crawl/fantasy/you-ve-got-mail.fountain,202,24535,89.3,strong,RECOMMEND,972,0,0,0
crawl/horror/13-ghosts-pdf.fountain,116,21707,89.7,strong,RECOMMEND,915,0,0,0
crawl/horror/531.fountain,15,6928,90.6,excellent,RECOMMEND,290,0,0,0
crawl/horror/ali-html.fountain,253,32297,78.9,strong,CONSIDER,1109,0,0,0
crawl/horror/beavis-and-butt-head-do-america.fountain,186,17530,89.3,strong,RECOMMEND,886,0,0,0
crawl/horror/blair-witch-ii.fountain,70,14867,84.3,strong,CONSIDER,666,0,0,0
crawl/horror/blink-twice-html.fountain,157,19342,89.4,strong,RECOMMEND,818,0,0,0
crawl/horror/bones.fountain,176,28272,94.1,excellent,RECOMMEND,867,0,0,0
crawl/horror/brutalist-the-html.fountain,163,27414,88,strong,RECOMMEND,953,0,0,0
crawl/horror/buffy-the-vampire-slayer.fountain,132,23041,90.8,excellent,RECOMMEND,835,0,0,0
crawl/horror/deep-rising.fountain,28,22786,95,excellent,RECOMMEND,345,0,0,0
crawl/horror/ed-wood.fountain,172,27931,99.1,excellent,RECOMMEND,780,0,0,0
crawl/horror/freddy-s-dead-the-final-nightmare.fountain,91,24729,98.4,excellent,RECOMMEND,727,0,0,0
crawl/horror/ghost-ship.fountain,261,25596,89.5,strong,RECOMMEND,894,0,0,0
crawl/horror/good-will-hunting.fountain,127,23488,83.6,strong,CONSIDER,956,0,0,0
crawl/horror/house-of-1000-corpses.fountain,181,20717,89.2,strong,RECOMMEND,877,0,0,0
crawl/horror/inception-html.fountain,288,28286,88.4,strong,RECOMMEND,1205,0,0,0
crawl/horror/interview-with-the-vampire-pdf.fountain,161,37848,93.1,excellent,RECOMMEND,1243,0,0,0
crawl/horror/kafka.fountain,15,22190,90.7,excellent,RECOMMEND,578,0,0,0
crawl/horror/knocked-up-html.fountain,170,25660,89.2,strong,RECOMMEND,1198,0,0,0
crawl/horror/little-nicky.fountain,141,18224,89,strong,RECOMMEND,839,0,0,0
crawl/horror/meet-joe-black-html.fountain,117,30008,98.7,excellent,RECOMMEND,826,0,0,0
crawl/horror/monster-s-ball-pdf.fountain,44,17273,89.9,strong,RECOMMEND,843,0,0,0
crawl/horror/my-mother-dreams-the-satan-s-disciples-in-new-york.fountain,71,6985,82,strong,CONSIDER,456,0,0,0
crawl/horror/pandorum-html.fountain,120,28396,98.5,excellent,RECOMMEND,758,0,0,0
crawl/horror/pirates-of-the-caribbean.fountain,154,121333,93.1,excellent,RECOMMEND,769,0,0,0
crawl/horror/possession-pdf.fountain,159,24898,94.6,excellent,RECOMMEND,853,0,0,0
crawl/horror/resident-evil.fountain,128,22898,97.3,excellent,RECOMMEND,835,0,0,0
crawl/horror/scary-movie-2.fountain,107,22594,98.5,excellent,RECOMMEND,651,0,0,0
crawl/horror/signs-html.fountain,95,22983,85.7,strong,RECOMMEND,1072,0,0,0
crawl/horror/simone.fountain,169,26295,89.3,strong,RECOMMEND,1082,0,0,0
crawl/horror/slash-pdf.fountain,210,21367,88.8,strong,RECOMMEND,921,0,0,0
crawl/horror/slash.fountain,198,21775,89.1,strong,RECOMMEND,851,0,0,0
crawl/horror/spartan-html.fountain,315,29930,84.3,strong,CONSIDER,1138,0,0,0
crawl/horror/star-wars-a-new-hope-html.fountain,486,33473,89.7,strong,RECOMMEND,1493,0,0,0
crawl/horror/star-wars-the-empire-strikes-back-html.fountain,285,27502,88.2,strong,RECOMMEND,1044,0,0,0
crawl/horror/syriana-html.fountain,6,29232,76.7,strong,CONSIDER,391,0,0,0
crawl/horror/the-devil-s-advocate-pdf.fountain,256,26180,89.5,strong,RECOMMEND,1265,0,0,0
crawl/horror/the-doors.fountain,208,37218,90.9,excellent,RECOMMEND,1301,0,0,0
crawl/horror/the-ghost-and-the-darkness.fountain,11,22525,87.3,strong,RECOMMEND,486,0,0,0
crawl/horror/the-nightmare-before-christmas.fountain,105,16371,88,strong,RECOMMEND,647,0,0,0
crawl/horror/the-pianist.fountain,172,21179,89.2,strong,RECOMMEND,859,0,0,0
crawl/horror/true-romance-html.fountain,87,26880,94.6,excellent,RECOMMEND,796,0,0,0
crawl/horror/zerophilia-html.fountain,34,14582,95.8,excellent,RECOMMEND,510,0,0,0
crawl/mystery/lost-highway.fountain,189,23978,93,excellent,RECOMMEND,741,0,0,0
crawl/romance/fifty-violins-filmed-as-music-of-the-heart.fountain,160,24891,89.1,strong,RECOMMEND,902,0,0,0
crawl/romance/legally-blonde.fountain,129,20856,93.4,excellent,RECOMMEND,760,0,0,0
crawl/romance/never-been-kissed.fountain,189,24174,87.6,strong,RECOMMEND,833,0,0,0
crawl/romance/something-borrowed-filmed-as-the-wedding-date-pdf.fountain,136,20831,89.8,strong,RECOMMEND,805,0,0,0
crawl/romance/something-borrowed-filmed-as-the-wedding-date.fountain,136,20700,95.5,excellent,RECOMMEND,666,0,0,0
crawl/romance/the-wedding-crashers-pdf.fountain,198,32677,91.5,excellent,RECOMMEND,987,0,0,0
crawl/romance/true-romance-pdf.fountain,133,27328,89,strong,RECOMMEND,1164,0,0,0
crawl/romance/wonder-boys.fountain,156,24731,98.3,excellent,RECOMMEND,743,0,0,0
crawl/sci-fi/10-000-b-c-pdf.fountain,178,29763,99.2,excellent,RECOMMEND,719,0,0,0
crawl/sci-fi/10-things-i-hate-about-you.fountain,90,18588,98.3,excellent,RECOMMEND,620,0,0,0
crawl/sci-fi/12-and-holding-pdf.fountain,164,18375,83.4,strong,CONSIDER,854,0,0,0
crawl/sci-fi/12-years-a-slave-pdf.fountain,230,36370,89.8,strong,RECOMMEND,1197,0,0,0
crawl/sci-fi/20th-century-woman-pdf.fountain,196,17149,89.3,strong,RECOMMEND,1044,0,0,0
crawl/sci-fi/25th-hour-pdf.fountain,123,24383,86.3,strong,RECOMMEND,906,0,0,0
crawl/sci-fi/3-kings-pdf.fountain,215,28291,82.4,strong,CONSIDER,1198,0,0,0
crawl/sci-fi/a-perfect-world-pdf.fountain,242,30960,87.9,strong,RECOMMEND,1292,0,0,0
crawl/sci-fi/a-walk-to-remember-pdf.fountain,229,19715,87.2,strong,RECOMMEND,1106,0,0,0
crawl/sci-fi/absolute-power-pdf.fountain,355,26228,89.6,strong,RECOMMEND,1296,0,0,0
crawl/sci-fi/adaptation-pdf.fountain,222,25428,86.1,strong,RECOMMEND,947,0,0,0
crawl/sci-fi/ali-pdf.fountain,253,31926,78.6,strong,CONSIDER,1105,0,0,0
crawl/sci-fi/american-bullshit-filmed-as-american-hustle-pdf.fountain,160,36041,99.1,excellent,RECOMMEND,822,0,0,0
crawl/sci-fi/american-splendor-pdf.fountain,145,19851,90.8,excellent,RECOMMEND,753,0,0,0
crawl/sci-fi/analyse-that-pdf.fountain,124,22075,83,strong,CONSIDER,873,0,0,0
crawl/sci-fi/analyse-this-pdf.fountain,104,22818,88.7,strong,RECOMMEND,1108,0,0,0
crawl/sci-fi/angel-eyes-pdf.fountain,118,27515,87,strong,RECOMMEND,1211,0,0,0
crawl/sci-fi/antitrust.fountain,289,25133,75.2,strong,CONSIDER,1051,0,0,0
crawl/sci-fi/any-given-sunday-pdf.fountain,304,49321,87.7,strong,RECOMMEND,1700,0,0,0
crawl/sci-fi/arac-attack-released-as-eight-legged-freaks-pdf.fountain,203,18591,89.3,strong,RECOMMEND,1003,0,0,0
crawl/sci-fi/armstrong-filmed-as-first-man-pdf.fountain,279,34102,90.5,excellent,RECOMMEND,1192,0,0,0
crawl/sci-fi/at-first-sight.fountain,150,28202,85.8,strong,RECOMMEND,2047,0,0,0
crawl/sci-fi/babel-pdf.fountain,199,26271,89.5,strong,RECOMMEND,853,0,0,0
crawl/sci-fi/bad-boys-pdf.fountain,286,26220,89.5,strong,RECOMMEND,1248,0,0,0
crawl/sci-fi/bad-lieutenant-pdf.fountain,5,15149,72,solid,CONSIDER,219,0,0,0
crawl/sci-fi/being-human-pdf.fountain,209,39716,84.9,strong,CONSIDER,1596,0,0,0
crawl/sci-fi/birth-of-a-nation-pdf.fountain,137,22385,95.5,excellent,RECOMMEND,819,0,0,0
crawl/sci-fi/black-snake-moan-pdf.fountain,138,24794,95.6,excellent,RECOMMEND,778,0,0,0
crawl/sci-fi/blood-work-pdf.fountain,104,18066,88.7,strong,RECOMMEND,1128,0,0,0
crawl/sci-fi/bonfire-of-the-vanities-pdf.fountain,142,27619,89,strong,RECOMMEND,1722,0,0,0
crawl/sci-fi/breakdown-pdf.fountain,163,22885,83.6,strong,CONSIDER,1123,0,0,0
crawl/sci-fi/brooklyn-pdf.fountain,156,25153,85.5,strong,RECOMMEND,1026,0,0,0
crawl/sci-fi/call-me-by-your-name-pdf.fountain,52,23765,93.5,excellent,RECOMMEND,637,0,0,0
crawl/sci-fi/capote-pdf.fountain,181,48864,89.8,strong,RECOMMEND,888,0,0,0
crawl/sci-fi/carol-pdf.fountain,164,25806,80,strong,CONSIDER,929,0,0,0
crawl/sci-fi/catwoman-pdf.fountain,159,26673,89.5,strong,RECOMMEND,976,0,0,0
crawl/sci-fi/cellular-pdf.fountain,135,25667,93,excellent,RECOMMEND,935,0,0,0
crawl/sci-fi/changeling-pdf.fountain,194,32848,96.5,excellent,RECOMMEND,1004,0,0,0
crawl/sci-fi/charlie-s-angels-pdf.fountain,160,22948,90.1,excellent,RECOMMEND,860,0,0,0
crawl/sci-fi/chasing-sleep.fountain,120,18795,88.8,strong,RECOMMEND,1103,0,0,0
crawl/sci-fi/chronicle-pdf.fountain,99,18278,90,excellent,RECOMMEND,736,0,0,0
crawl/sci-fi/city-of-joy-pdf.fountain,176,30237,81.8,strong,CONSIDER,1010,0,0,0
crawl/sci-fi/collateral-damage-pdf.fountain,244,28986,85.2,strong,RECOMMEND,1135,0,0,0
crawl/sci-fi/collateral-pdf.fountain,121,26238,98.6,excellent,RECOMMEND,802,0,0,0
crawl/sci-fi/committed-filmed-as-crazylove-pdf.fountain,121,20948,93.5,excellent,RECOMMEND,746,0,0,0
crawl/sci-fi/confidence-pdf.fountain,144,24152,94.8,excellent,RECOMMEND,833,0,0,0
crawl/sci-fi/courage-under-fire-pdf.fountain,101,27859,96.8,excellent,RECOMMEND,938,0,0,0
crawl/sci-fi/cradle-to-the-grave-pdf.fountain,240,18382,89.4,strong,RECOMMEND,959,0,0,0
crawl/sci-fi/crank-pdf.fountain,180,21916,90.4,excellent,RECOMMEND,822,0,0,0
crawl/sci-fi/death-to-smoochy-pdf.fountain,119,23898,85.9,strong,RECOMMEND,925,0,0,0
crawl/sci-fi/defiance-pdf.fountain,45,24025,85.1,strong,RECOMMEND,972,0,0,0
crawl/sci-fi/disturbia-pdf.fountain,131,26323,98.5,excellent,RECOMMEND,867,0,0,0
crawl/sci-fi/donnie-darko-pdf.fountain,189,19618,87.3,strong,RECOMMEND,1028,0,0,0
crawl/sci-fi/downsizing-pdf.fountain,214,26237,89.5,strong,RECOMMEND,993,0,0,0
crawl/sci-fi/duchess-pdf.fountain,153,23738,96.1,excellent,RECOMMEND,780,0,0,0
crawl/sci-fi/dunkirk-pdf.fountain,199,15560,89.4,strong,RECOMMEND,744,0,0,0
crawl/sci-fi/el-cantante-pdf.fountain,230,25577,90,excellent,RECOMMEND,893,0,0,0
crawl/sci-fi/elizabeth-the-golden-age-pdf.fountain,172,24215,89.2,strong,RECOMMEND,1191,0,0,0
crawl/sci-fi/elle-pdf.fountain,296,48738,88.6,strong,RECOMMEND,1388,0,0,0
crawl/sci-fi/equity-pdf.fountain,166,18939,89.2,strong,RECOMMEND,791,0,0,0
crawl/sci-fi/event-horizon.fountain,373,21510,89.6,strong,RECOMMEND,1104,0,0,0
crawl/sci-fi/ex-machina-pdf.fountain,216,20257,89.4,strong,RECOMMEND,948,0,0,0
crawl/sci-fi/executive-decision-pdf.fountain,278,31279,91,excellent,RECOMMEND,1011,0,0,0
crawl/sci-fi/far-from-the-maddening-crowd-pdf.fountain,190,21866,87.3,strong,RECOMMEND,865,0,0,0
crawl/sci-fi/fences-pdf.fountain,75,30229,97.7,excellent,RECOMMEND,550,0,0,0
crawl/sci-fi/foundation-pdf.fountain,151,24581,89.9,strong,RECOMMEND,911,0,0,0
crawl/sci-fi/frozen-river-pdf.fountain,157,19370,90.3,excellent,RECOMMEND,720,0,0,0
crawl/sci-fi/ftkmf-first-they-killed-my-father-pdf.fountain,198,23322,88,strong,RECOMMEND,757,0,0,0
crawl/sci-fi/fury-pdf.fountain,116,24651,94.6,excellent,RECOMMEND,832,0,0,0
crawl/sci-fi/game-6-pdf.fountain,112,15779,88.8,strong,RECOMMEND,844,0,0,0
crawl/sci-fi/gattaca.fountain,158,25659,98.8,excellent,RECOMMEND,754,0,0,0
crawl/sci-fi/get-on-up-pdf.fountain,168,27229,75.8,strong,CONSIDER,939,0,0,0
crawl/sci-fi/gold-pdf.fountain,217,28580,93.6,excellent,RECOMMEND,890,0,0,0
crawl/sci-fi/gone-girl-pdf.fountain,299,33407,89.5,strong,RECOMMEND,2274,0,0,0
crawl/sci-fi/gothika-pdf.fountain,158,25732,89.1,strong,RECOMMEND,1218,0,0,0
crawl/sci-fi/groundhog-day-pdf.fountain,164,23340,89.5,strong,RECOMMEND,936,0,0,0
crawl/sci-fi/halloween-resurrection-pdf.fountain,187,22202,94.3,excellent,RECOMMEND,807,0,0,0
crawl/sci-fi/hannibal.fountain,150,32408,93.8,excellent,RECOMMEND,1019,0,0,0
crawl/sci-fi/hard-rain.fountain,153,20073,89.1,strong,RECOMMEND,991,0,0,0
crawl/sci-fi/hard-to-kill-pdf.fountain,162,23541,89.8,strong,RECOMMEND,891,0,0,0
crawl/sci-fi/harold-and-kumar-go-to-white-castle-pdf.fountain,157,26026,90.5,excellent,RECOMMEND,1026,0,0,0
crawl/sci-fi/havoc-2-normal-adolescent-behavior-pdf.fountain,105,18901,82.9,strong,CONSIDER,743,0,0,0
crawl/sci-fi/he-s-just-not-that-into-you-pdf.fountain,130,24159,92.3,excellent,RECOMMEND,795,0,0,0
crawl/sci-fi/heat-pdf.fountain,280,29125,89.5,strong,RECOMMEND,1264,0,0,0
crawl/sci-fi/hitchhiker-s-guide-to-the-galaxy-pdf.fountain,78,24476,82.6,strong,CONSIDER,636,0,0,0
crawl/sci-fi/hotel-rwanda-pdf.fountain,221,24651,89.4,strong,RECOMMEND,1233,0,0,0
crawl/sci-fi/hudson-hawk-pdf.fountain,104,26936,88.7,strong,RECOMMEND,1268,0,0,0
crawl/sci-fi/i-robot-pdf.fountain,58,21659,97.6,excellent,RECOMMEND,511,0,0,0
crawl/sci-fi/i-saw-the-light-pdf.fountain,175,25788,84.1,strong,CONSIDER,999,0,0,0
crawl/sci-fi/ides-of-march-pdf.fountain,93,17093,88.5,strong,RECOMMEND,857,0,0,0
crawl/sci-fi/if-beale-street-could-talk-pdf.fountain,118,23263,89.3,strong,RECOMMEND,868,0,0,0
crawl/sci-fi/inside-out-pdf.fountain,387,19657,88.3,strong,RECOMMEND,1034,0,0,0
crawl/sci-fi/inventing-the-abbotts-pdf.fountain,162,23252,85.1,strong,RECOMMEND,973,0,0,0
crawl/sci-fi/jackie-pdf.fountain,105,15391,95,excellent,RECOMMEND,603,0,0,0
crawl/sci-fi/kill-your-darlings-pdf.fountain,164,20483,98.2,excellent,RECOMMEND,650,0,0,0
crawl/sci-fi/knocked-up-pdf.fountain,170,25293,89.2,strong,RECOMMEND,1155,0,0,0
crawl/sci-fi/lady-bird-pdf.fountain,128,17434,89,strong,RECOMMEND,751,0,0,0
crawl/sci-fi/land-of-mine-pdf.fountain,104,20392,89.7,strong,RECOMMEND,804,0,0,0
crawl/sci-fi/land-of-the-dead-pdf.fountain,253,23073,88.1,strong,RECOMMEND,1412,0,0,0
crawl/sci-fi/last-flag-flying-pdf.fountain,83,18053,81,strong,CONSIDER,769,0,0,0
crawl/sci-fi/legally-blonde-pdf.fountain,32,23329,95.6,excellent,RECOMMEND,668,0,0,0
crawl/sci-fi/lethal-weapon-4-pdf.fountain,232,24542,89.1,strong,RECOMMEND,1237,0,0,0
crawl/sci-fi/letters-to-juliet-pdf.fountain,127,21513,92.9,excellent,RECOMMEND,760,0,0,0
crawl/sci-fi/liar-liar-pdf.fountain,112,17970,89.7,strong,RECOMMEND,818,0,0,0
crawl/sci-fi/lion-pdf.fountain,228,25671,89.4,strong,RECOMMEND,1004,0,0,0
crawl/sci-fi/little-athens-pdf.fountain,154,26827,98.7,excellent,RECOMMEND,754,0,0,0
crawl/sci-fi/love-and-friendship-pdf.fountain,83,16530,88.4,strong,RECOMMEND,732,0,0,0
crawl/sci-fi/macbeth-pdf.fountain,117,22450,98.8,excellent,RECOMMEND,543,0,0,0
crawl/sci-fi/macgruber-pdf.fountain,147,17234,89,strong,RECOMMEND,798,0,0,0
crawl/sci-fi/maggie-s-plan-pdf.fountain,136,19578,89,strong,RECOMMEND,938,0,0,0
crawl/sci-fi/malibu-s-most-wanted-pdf.fountain,131,18638,88.9,strong,RECOMMEND,984,0,0,0
crawl/sci-fi/man-trouble-pdf.fountain,176,27377,89.2,strong,RECOMMEND,1230,0,0,0
crawl/sci-fi/maria-full-of-grace-pdf.fountain,167,19812,89.3,strong,RECOMMEND,747,0,0,0
crawl/sci-fi/matchstick-men-pdf.fountain,174,21884,89.2,strong,RECOMMEND,1035,0,0,0
crawl/sci-fi/maverick-pdf.fountain,192,31147,87.7,strong,RECOMMEND,1562,0,0,0
crawl/sci-fi/me-and-earl-and-the-dying-girl-pdf.fountain,99,20412,92.6,excellent,RECOMMEND,834,0,0,0
crawl/sci-fi/memphis-belle-pdf.fountain,329,26383,89.6,strong,RECOMMEND,1164,0,0,0
crawl/sci-fi/miami-vice-pdf.fountain,213,22170,87.3,strong,RECOMMEND,936,0,0,0
crawl/sci-fi/mighty-joe-young-pdf.fountain,146,27563,92.3,excellent,RECOMMEND,1010,0,0,0
crawl/sci-fi/miles-ahead-pdf.fountain,88,21694,92.7,excellent,RECOMMEND,838,0,0,0
crawl/sci-fi/mini-s-first-time-pdf.fountain,180,23882,90.5,excellent,RECOMMEND,881,0,0,0
crawl/sci-fi/mississippi-grind-pdf.fountain,106,20588,90.9,excellent,RECOMMEND,822,0,0,0
crawl/sci-fi/mistress-america-pdf.fountain,89,18258,93.7,excellent,RECOMMEND,690,0,0,0
crawl/sci-fi/moonlight-pdf.fountain,154,20662,80.8,strong,CONSIDER,815,0,0,0
crawl/sci-fi/new-york-minute-pdf.fountain,143,21405,89.1,strong,RECOMMEND,960,0,0,0
crawl/sci-fi/newsies-pdf.fountain,121,26127,88.8,strong,RECOMMEND,1546,0,0,0
crawl/sci-fi/next-pdf.fountain,113,24794,91.4,excellent,RECOMMEND,953,0,0,0
crawl/sci-fi/okja-pdf.fountain,122,26604,98.9,excellent,RECOMMEND,626,0,0,0
crawl/sci-fi/one-eight-seven-pdf.fountain,373,25539,89.6,strong,RECOMMEND,1193,0,0,0
crawl/sci-fi/out-of-sight-pdf.fountain,164,30488,94.2,excellent,RECOMMEND,952,0,0,0
crawl/sci-fi/out-of-time-pdf.fountain,198,22184,89.3,strong,RECOMMEND,1049,0,0,0
crawl/sci-fi/outbreak-pdf.fountain,116,26243,85.2,strong,RECOMMEND,1083,0,0,0
crawl/sci-fi/panic-room-pdf.fountain,174,23251,97.7,excellent,RECOMMEND,769,0,0,0
crawl/sci-fi/pray-for-dawn-pdf.fountain,68,16395,88,strong,RECOMMEND,742,0,0,0
crawl/sci-fi/pretty-woman-pdf.fountain,149,27806,89.3,strong,RECOMMEND,1070,0,0,0
crawl/sci-fi/queen-of-the-damned-pdf.fountain,120,27936,91.7,excellent,RECOMMEND,1022,0,0,0
crawl/sci-fi/red-planet-pdf.fountain,201,19516,89.3,strong,RECOMMEND,971,0,0,0
crawl/sci-fi/remember-pdf.fountain,123,20183,97.9,excellent,RECOMMEND,693,0,0,0
crawl/sci-fi/robin-hood-the-prince-of-thieves-pdf.fountain,123,25637,91.8,excellent,RECOMMEND,945,0,0,0
crawl/sci-fi/rocknrolla-pdf.fountain,162,23987,92,excellent,RECOMMEND,826,0,0,0
crawl/sci-fi/room-pdf.fountain,133,22754,89.5,strong,RECOMMEND,897,0,0,0
crawl/sci-fi/rough-diamonds-filmed-as-wild-things-diamonds-in-the-rough-p.fountain,150,21081,89.7,strong,RECOMMEND,802,0,0,0
crawl/sci-fi/save-the-last-dance-pdf.fountain,154,25608,87.1,strong,RECOMMEND,1400,0,0,0
crawl/sci-fi/second-act-pdf.fountain,161,19512,89.1,strong,RECOMMEND,1003,0,0,0
crawl/sci-fi/silence-pdf.fountain,193,26679,88.8,strong,RECOMMEND,1100,0,0,0
crawl/sci-fi/sing-street-pdf.fountain,144,24635,89.3,strong,RECOMMEND,1026,0,0,0
crawl/sci-fi/slow-west-pdf.fountain,104,15541,96,excellent,RECOMMEND,598,0,0,0
crawl/sci-fi/solaris.fountain,120,12342,88.8,strong,RECOMMEND,740,0,0,0
crawl/sci-fi/something-s-gotta-give-pdf.fountain,83,26574,98.3,excellent,RECOMMEND,757,0,0,0
crawl/sci-fi/somewhere-pdf.fountain,96,6733,88.5,strong,RECOMMEND,427,0,0,0
crawl/sci-fi/space-cowboys-pdf.fountain,177,25629,89.3,strong,RECOMMEND,1098,0,0,0
crawl/sci-fi/spanglish-pdf.fountain,200,27529,89.3,strong,RECOMMEND,1096,0,0,0
crawl/sci-fi/spare-me.fountain,22,16171,93.4,excellent,RECOMMEND,580,0,0,0
crawl/sci-fi/sphere.fountain,201,23577,89.3,strong,RECOMMEND,1026,0,0,0
crawl/sci-fi/state-and-main.fountain,183,21839,83.2,strong,CONSIDER,1095,0,0,0
crawl/sci-fi/stuart-little-2-pdf.fountain,102,15773,88.7,strong,RECOMMEND,794,0,0,0
crawl/sci-fi/sully-pdf.fountain,186,21127,85.8,strong,RECOMMEND,908,0,0,0
crawl/sci-fi/summer-of-84-pdf.fountain,117,25297,96.9,excellent,RECOMMEND,779,0,0,0
crawl/sci-fi/suspect-zero-pdf.fountain,57,29012,97.5,excellent,RECOMMEND,628,0,0,0
crawl/sci-fi/sweet-november-pdf.fountain,138,22709,85.2,strong,RECOMMEND,1094,0,0,0
crawl/sci-fi/taking-lives-pdf.fountain,186,21479,89.2,strong,RECOMMEND,1041,0,0,0
crawl/sci-fi/the-addams-family-pdf.fountain,192,24956,89.3,strong,RECOMMEND,1223,0,0,0
crawl/sci-fi/the-american-president.fountain,125,25598,90,excellent,RECOMMEND,1043,0,0,0
crawl/sci-fi/the-big-sick-pdf.fountain,118,19633,89,strong,RECOMMEND,825,0,0,0
crawl/sci-fi/the-bodyguard-pdf.fountain,258,34424,90.1,excellent,RECOMMEND,1144,0,0,0
crawl/sci-fi/the-bourne-supremacy-pdf.fountain,8,24585,82.5,strong,CONSIDER,582,0,0,0
crawl/sci-fi/the-bourne-ultimatum-pdf.fountain,348,19822,89.6,strong,RECOMMEND,1097,0,0,0
crawl/sci-fi/the-boy-next-door-pdf.fountain,177,23376,87.1,strong,RECOMMEND,913,0,0,0
crawl/sci-fi/the-bucket-list-pdf.fountain,124,23178,85.8,strong,RECOMMEND,815,0,0,0
crawl/sci-fi/the-comedian-pdf.fountain,74,23892,88.3,strong,RECOMMEND,1210,0,0,0
crawl/sci-fi/the-cooler.fountain,109,20864,94.8,excellent,RECOMMEND,738,0,0,0
crawl/sci-fi/the-disaster-artist-pdf.fountain,119,21897,89.3,strong,RECOMMEND,975,0,0,0
crawl/sci-fi/the-distinguished-gentleman-pdf.fountain,162,26798,89.3,strong,RECOMMEND,1152,0,0,0
crawl/sci-fi/the-diving-bell-and-the-butterfly-le-scaphandre-et-le-papill.fountain,115,22309,85.8,strong,RECOMMEND,846,0,0,0
crawl/sci-fi/the-end-of-the-tour-pdf.fountain,112,17096,86.3,strong,RECOMMEND,872,0,0,0
crawl/sci-fi/the-fantastic-four.fountain,181,27475,95.4,excellent,RECOMMEND,936,0,0,0
crawl/sci-fi/the-fault-in-our-stars-pdf.fountain,188,26875,87.8,strong,RECOMMEND,946,0,0,0
crawl/sci-fi/the-flintstones-pdf.fountain,106,27306,89.2,strong,RECOMMEND,1214,0,0,0
crawl/sci-fi/the-florida-project-pdf.fountain,198,17693,83.3,strong,CONSIDER,854,0,0,0
crawl/sci-fi/the-founder-pdf.fountain,129,20627,98.9,excellent,RECOMMEND,637,0,0,0
crawl/sci-fi/the-fugitive-pdf.fountain,370,25518,89.6,strong,RECOMMEND,1177,0,0,0
crawl/sci-fi/the-greatest-muppet-movie-of-all-time-filmed-as-the-muppets-.fountain,146,20478,90,excellent,RECOMMEND,833,0,0,0
crawl/sci-fi/the-grudge-pdf.fountain,153,21921,89.3,strong,RECOMMEND,634,0,0,0
crawl/sci-fi/the-help-pdf.fountain,198,26464,89.4,strong,RECOMMEND,976,0,0,0
crawl/sci-fi/the-hollars-pdf.fountain,142,19388,89,strong,RECOMMEND,1093,0,0,0
crawl/sci-fi/the-hudsucker-proxy-pdf.fountain,222,28404,89.4,strong,RECOMMEND,1565,0,0,0
crawl/sci-fi/the-hurt-locker-pdf.fountain,136,20095,89,strong,RECOMMEND,945,0,0,0
crawl/sci-fi/the-island-of-dr-moreau-pdf.fountain,89,27180,97.2,excellent,RECOMMEND,740,0,0,0
crawl/sci-fi/the-island-pdf.fountain,225,39370,93.4,excellent,RECOMMEND,1129,0,0,0
crawl/sci-fi/the-italian-job-pdf.fountain,281,21066,89.5,strong,RECOMMEND,881,0,0,0
crawl/sci-fi/the-jacket-pdf.fountain,185,28263,82.1,strong,CONSIDER,1023,0,0,0
crawl/sci-fi/the-kingdom-pdf.fountain,161,29466,91.8,excellent,RECOMMEND,1070,0,0,0
crawl/sci-fi/the-last-boy-scout-pdf.fountain,129,29195,91.5,excellent,RECOMMEND,1120,0,0,0
crawl/sci-fi/the-life-of-david-gale-pdf.fountain,189,22577,87.3,strong,RECOMMEND,1088,0,0,0
crawl/sci-fi/the-lost-city-of-z-pdf.fountain,136,32987,98.5,excellent,RECOMMEND,1081,0,0,0
crawl/sci-fi/the-manchurian-candidate-pdf.fountain,58,27305,97.5,excellent,RECOMMEND,810,0,0,0
crawl/sci-fi/the-matrix-pdf.fountain,230,25284,89.4,strong,RECOMMEND,1071,0,0,0
crawl/sci-fi/the-meddler-pdf.fountain,137,21470,90.1,excellent,RECOMMEND,784,0,0,0
crawl/sci-fi/the-meyerowitz-stories-new-and-selected-pdf.fountain,89,26535,97.2,excellent,RECOMMEND,884,0,0,0
crawl/sci-fi/the-pacifier-pdf.fountain,217,23586,89.4,strong,RECOMMEND,931,0,0,0
crawl/sci-fi/the-post-pdf.fountain,79,20779,93.6,excellent,RECOMMEND,710,0,0,0
crawl/sci-fi/the-postman-pdf.fountain,172,28548,90.3,excellent,RECOMMEND,1051,0,0,0
crawl/sci-fi/the-power-of-one-pdf.fountain,152,30466,95.5,excellent,RECOMMEND,1012,0,0,0
crawl/sci-fi/the-prestige-pdf.fountain,242,27262,94,excellent,RECOMMEND,858,0,0,0
crawl/sci-fi/the-reader-pdf.fountain,196,16201,88.7,strong,RECOMMEND,872,0,0,0
crawl/sci-fi/the-red-turtle-pdf.fountain,11,11190,87.3,strong,RECOMMEND,137,0,0,0
crawl/sci-fi/the-replacements-pdf.fountain,147,24834,89.1,strong,RECOMMEND,1114,0,0,0
crawl/sci-fi/the-royal-tenenbaums-pdf.fountain,143,25774,93.3,excellent,RECOMMEND,752,0,0,0
crawl/sci-fi/the-spectacular-now-pdf.fountain,103,22653,90.7,excellent,RECOMMEND,888,0,0,0
crawl/sci-fi/the-three-musketeers-pdf.fountain,98,28839,84.4,strong,CONSIDER,1401,0,0,0
crawl/sci-fi/the-zero-theorem-pdf.fountain,83,19793,97.4,excellent,RECOMMEND,626,0,0,0
crawl/sci-fi/this-boy-s-life-pdf.fountain,188,26612,86.6,strong,RECOMMEND,1033,0,0,0
crawl/sci-fi/three-thousand-filmed-as-pretty-woman-pdf.fountain,129,27427,90.7,excellent,RECOMMEND,945,0,0,0
crawl/sci-fi/ticker-pdf.fountain,101,15303,89.7,strong,RECOMMEND,709,0,0,0
crawl/sci-fi/tin-cup-pdf.fountain,174,26909,87.3,strong,RECOMMEND,1023,0,0,0
crawl/sci-fi/tombstone-pdf.fountain,113,30648,98.8,excellent,RECOMMEND,727,0,0,0
crawl/sci-fi/toni-erdmann-pdf.fountain,113,27823,88.6,strong,RECOMMEND,697,0,0,0
crawl/sci-fi/training-day-pdf.fountain,92,21133,88.7,strong,RECOMMEND,938,0,0,0
crawl/sci-fi/trainwreck-pdf.fountain,115,19239,88.9,strong,RECOMMEND,793,0,0,0
crawl/sci-fi/troy-pdf.fountain,227,33071,89.9,strong,RECOMMEND,1131,0,0,0
crawl/sci-fi/unbroken-pdf.fountain,199,20203,89.3,strong,RECOMMEND,868,0,0,0
crawl/sci-fi/vantage-point-pdf.fountain,169,23138,97.2,excellent,RECOMMEND,776,0,0,0
crawl/sci-fi/vicky-cristina-barcelona-pdf.fountain,207,23157,89.3,strong,RECOMMEND,1006,0,0,0
crawl/sci-fi/virtuosity-pdf.fountain,166,26926,96.1,excellent,RECOMMEND,907,0,0,0
crawl/sci-fi/what-to-expect-when-you-re-expecting-pdf.fountain,145,25040,73,solid,CONSIDER,904,0,0,0
crawl/sci-fi/while-we-re-young-pdf.fountain,111,22124,89.4,strong,RECOMMEND,873,0,0,0
crawl/sci-fi/wild-wild-west-pdf.fountain,233,29157,89.5,strong,RECOMMEND,1111,0,0,0
crawl/sci-fi/wind-chill-pdf.fountain,117,20951,97.2,excellent,RECOMMEND,674,0,0,0
crawl/sci-fi/woman-in-gold-pdf.fountain,228,30426,88.4,strong,RECOMMEND,1033,0,0,0
crawl/sci-fi/wonderstruck-pdf.fountain,156,22939,94.8,excellent,RECOMMEND,639,0,0,0
crawl/sci-fi/wreck-it-ralph-pdf.fountain,75,20882,98,excellent,RECOMMEND,649,0,0,0
crawl/sci-fi/youth-in-revolt-pdf.fountain,247,25931,89.4,strong,RECOMMEND,1007,0,0,0
crawl/sci-fi/youth-pdf.fountain,7,28586,80,strong,CONSIDER,427,0,0,0
crawl/sci-fi/zootopia-pdf.fountain,102,19841,95,excellent,RECOMMEND,720,0,0,0
crawl/thriller/flight-pdf.fountain,141,32168,91.4,excellent,RECOMMEND,885,0,0,0
crawl/thriller/swingers.fountain,115,17151,88.8,strong,RECOMMEND,755,0,0,0
crawl/war/four-feathers.fountain,378,32731,89.6,strong,RECOMMEND,1595,0,0,0
crawl/war/rushmore.fountain,83,21911,88.4,strong,RECOMMEND,1064,0,0,0
crawl/war/spartan-pdf.fountain,315,29564,84.4,strong,CONSIDER,1144,0,0,0
crawl/war/thirteen-days.fountain,281,33674,91.1,excellent,RECOMMEND,1027,0,0,0
crawl/war/warm-springs.fountain,148,20997,87.4,strong,RECOMMEND,838,0,0,0
darkymind-html.fountain,121,23523,96.9,excellent,RECOMMEND,682,0,0,0
dead-frequency.fountain,12,1831,78.3,strong,CONSIDER,175,0,0,0
dreamworks-animation-touring-education-resource.fountain,1,15918,0,troubled,PASS,63,0,0,0
elemental-2023.fountain,136,23802,98.8,excellent,RECOMMEND,690,0,0,0
encanto-2021.fountain,72,21606,88.6,strong,RECOMMEND,953,0,0,0
high-voltage.fountain,13,940,76.1,strong,CONSIDER,200,0,0,0
how-to-train-your-dragon-the-hidden-world-2019.fountain,94,23033,98.5,excellent,RECOMMEND,488,0,0,0
inside-out-2015.fountain,387,19651,87.6,strong,RECOMMEND,1161,0,0,0
isle-of-dogs-2018.fountain,59,29293,94.2,excellent,RECOMMEND,518,0,0,0
kubo-and-the-two-strings-2016.fountain,55,21926,97.5,excellent,RECOMMEND,425,0,0,0
luca-2021.fountain,116,20274,92.8,excellent,RECOMMEND,732,0,0,0
mise.fountain,12,922,72.9,solid,CONSIDER,222,0,0,0
moana.fountain,2,6430,30,troubled,PASS,87,0,0,0
mulan-1998.fountain,86,18204,88.4,strong,RECOMMEND,960,0,0,0
off-season.fountain,9,756,71.2,solid,CONSIDER,171,0,0,0
over-the-moon-2020.fountain,130,19883,88.9,strong,RECOMMEND,1017,0,0,0
quiet-season.fountain,10,679,71.7,solid,CONSIDER,143,0,0,0
ratatouille-2007.fountain,127,24276,98.9,excellent,RECOMMEND,651,0,0,0
raya-and-the-last-dragon-2021.fountain,98,18894,95.3,excellent,RECOMMEND,699,0,0,0
red-line.fountain,14,988,72.8,solid,CONSIDER,250,0,0,0
room-12.fountain,10,434,29.1,troubled,PASS,208,0,0,0
runoff.fountain,9,1449,74.6,solid,CONSIDER,145,0,0,0
same-page.fountain,11,814,75.4,strong,CONSIDER,166,0,0,0
sausage-party-2016.fountain,55,22805,97.4,excellent,RECOMMEND,598,0,0,0
shrek_script.fountain.txt,13,13051,89.2,strong,RECOMMEND,242,0,0,0
sing-2016.fountain,202,23572,89.6,strong,RECOMMEND,917,0,0,0
soft-launch.fountain,12,972,76.4,strong,CONSIDER,176,0,0,0
spider-man-across-the-spider-verse-2023.fountain,129,26196,98.9,excellent,RECOMMEND,722,0,0,0
spider-man-into-the-spider-verse-2018.fountain,188,23978,95,excellent,RECOMMEND,800,0,0,0
spiyder-race-2011-html.fountain,120,26590,98.5,excellent,RECOMMEND,811,0,0,0
teenage-mutant-ninja-turtles-mutant-mayhem-2023.fountain,83,19059,98.1,excellent,RECOMMEND,662,0,0,0
the-adventures-of-tintin-2011.fountain,141,21150,87,strong,RECOMMEND,877,0,0,0
the-boss-baby-family-business-2021.fountain,52,26403,91.4,excellent,RECOMMEND,812,0,0,0
the-defense-rests.fountain,12,963,76.2,strong,CONSIDER,194,0,0,0
the-detour.fountain,11,759,72.4,solid,CONSIDER,167,0,0,0
the-good-dinosaur-2015.fountain,71,14871,98,excellent,RECOMMEND,477,0,0,0
the-incredibles-2004.fountain,77,27146,92.7,excellent,RECOMMEND,937,0,0,0
the-iron-giant-1999.fountain,139,18630,94.8,excellent,RECOMMEND,632,0,0,0
the-key-under-the-mat.fountain,11,903,73.6,solid,CONSIDER,200,0,0,0
the-lion-king-1994.fountain.txt,46,19080,87.8,strong,RECOMMEND,950,0,0,0
the-mitchells-vs-the-machines-2021.fountain,112,30397,98.7,excellent,RECOMMEND,722,0,0,0
the-red-turtle-2016.fountain,11,11190,87.3,strong,RECOMMEND,125,0,0,0
the-secret-life-of-pets-2016.fountain,107,16840,97.2,excellent,RECOMMEND,598,0,0,0
the-wild-robot-2024.fountain,145,17030,89.1,strong,RECOMMEND,776,0,0,0
toy-story-4-2019.fountain,138,20679,89.2,strong,RECOMMEND,902,0,0,0
transfer-window.fountain,10,459,29.9,troubled,PASS,216,0,0,0
two-lane.fountain,13,1011,76.4,strong,CONSIDER,216,0,0,0
undertow.fountain,12,889,76.7,strong,CONSIDER,161,0,0,0
up-2009.fountain,187,16612,86.1,strong,RECOMMEND,795,0,0,0
zootopia-2016.fountain,105,19724,98.5,excellent,RECOMMEND,590,0,0,0
